{
"meta":{"test_sets":[],"test_metrics":[],"learn_metrics":[{"best_value":"Min","name":"MultiClass"}],"launch_mode":"Train","parameters":"","iteration_count":1000,"learn_sets":["learn"],"name":"experiment"},
"iterations":[
{"learn":[1.780539795],"iteration":0,"passed_time":0.007219535905,"remaining_time":7.212316369},
{"learn":[1.770547438],"iteration":1,"passed_time":0.01371140505,"remaining_time":6.841991121},
{"learn":[1.764779668],"iteration":2,"passed_time":0.01914277461,"remaining_time":6.361782094},
{"learn":[1.757420975],"iteration":3,"passed_time":0.02387236485,"remaining_time":5.944218848},
{"learn":[1.749740442],"iteration":4,"passed_time":0.02865591273,"remaining_time":5.702526632},
{"learn":[1.743212191],"iteration":5,"passed_time":0.03296505284,"remaining_time":5.46121042},
{"learn":[1.736614708],"iteration":6,"passed_time":0.03813251689,"remaining_time":5.409369895},
{"learn":[1.731197764],"iteration":7,"passed_time":0.04257630443,"remaining_time":5.279461749},
{"learn":[1.728606065],"iteration":8,"passed_time":0.04662187385,"remaining_time":5.133586332},
{"learn":[1.7232835],"iteration":9,"passed_time":0.05207393695,"remaining_time":5.155319758},
{"learn":[1.718913253],"iteration":10,"passed_time":0.05763093766,"remaining_time":5.181545213},
{"learn":[1.71470797],"iteration":11,"passed_time":0.06322420359,"remaining_time":5.205459429},
{"learn":[1.71220815],"iteration":12,"passed_time":0.07056299752,"remaining_time":5.357359889},
{"learn":[1.708174927],"iteration":13,"passed_time":0.07489375765,"remaining_time":5.27466036},
{"learn":[1.705090045],"iteration":14,"passed_time":0.07907289957,"remaining_time":5.192453739},
{"learn":[1.700990823],"iteration":15,"passed_time":0.08448294886,"remaining_time":5.195701355},
{"learn":[1.698153144],"iteration":16,"passed_time":0.08854795117,"remaining_time":5.120155059},
{"learn":[1.695018589],"iteration":17,"passed_time":0.09267765315,"remaining_time":5.056080855},
{"learn":[1.691778917],"iteration":18,"passed_time":0.09823574758,"remaining_time":5.072066757},
{"learn":[1.688879805],"iteration":19,"passed_time":0.1039943351,"remaining_time":5.095722421},
{"learn":[1.685347171],"iteration":20,"passed_time":0.1093730681,"remaining_time":5.098868272},
{"learn":[1.681684939],"iteration":21,"passed_time":0.1156917292,"remaining_time":5.143023232},
{"learn":[1.67817579],"iteration":22,"passed_time":0.120283699,"remaining_time":5.109442345},
{"learn":[1.6755268],"iteration":23,"passed_time":0.1242961873,"remaining_time":5.054711616},
{"learn":[1.672163699],"iteration":24,"passed_time":0.1292558486,"remaining_time":5.040978095},
{"learn":[1.668609685],"iteration":25,"passed_time":0.1339889189,"remaining_time":5.019431038},
{"learn":[1.666026631],"iteration":26,"passed_time":0.1383180776,"remaining_time":4.984573684},
{"learn":[1.663437433],"iteration":27,"passed_time":0.1428009116,"remaining_time":4.957231646},
{"learn":[1.660799333],"iteration":28,"passed_time":0.1476484316,"remaining_time":4.943676795},
{"learn":[1.659158919],"iteration":29,"passed_time":0.1515857835,"remaining_time":4.901273666},
{"learn":[1.657534259],"iteration":30,"passed_time":0.1557229702,"remaining_time":4.867598648},
{"learn":[1.654963827],"iteration":31,"passed_time":0.1601555327,"remaining_time":4.844704864},
{"learn":[1.651888148],"iteration":32,"passed_time":0.165544506,"remaining_time":4.850955676},
{"learn":[1.649400532],"iteration":33,"passed_time":0.1710192221,"remaining_time":4.858957898},
{"learn":[1.646836723],"iteration":34,"passed_time":0.1771242723,"remaining_time":4.883569221},
{"learn":[1.645155111],"iteration":35,"passed_time":0.1818423772,"remaining_time":4.869334768},
{"learn":[1.643037454],"iteration":36,"passed_time":0.1862420446,"remaining_time":4.847326729},
{"learn":[1.640658743],"iteration":37,"passed_time":0.1902753902,"remaining_time":4.816971721},
{"learn":[1.638581138],"iteration":38,"passed_time":0.1949023753,"remaining_time":4.802594428},
{"learn":[1.635493539],"iteration":39,"passed_time":0.1992003393,"remaining_time":4.780808143},
{"learn":[1.632430724],"iteration":40,"passed_time":0.2033707399,"remaining_time":4.75689121},
{"learn":[1.629684334],"iteration":41,"passed_time":0.207563528,"remaining_time":4.734425233},
{"learn":[1.627249351],"iteration":42,"passed_time":0.2119582476,"remaining_time":4.717303326},
{"learn":[1.626030458],"iteration":43,"passed_time":0.2167252034,"remaining_time":4.708847601},
{"learn":[1.623581502],"iteration":44,"passed_time":0.2211595625,"remaining_time":4.693497382},
{"learn":[1.620810935],"iteration":45,"passed_time":0.2256430837,"remaining_time":4.679641345},
{"learn":[1.61775888],"iteration":46,"passed_time":0.2299379754,"remaining_time":4.662359374},
{"learn":[1.617623444],"iteration":47,"passed_time":0.231934118,"remaining_time":4.600026674},
{"learn":[1.61582963],"iteration":48,"passed_time":0.2360604039,"remaining_time":4.581498859},
{"learn":[1.612946241],"iteration":49,"passed_time":0.2403234933,"remaining_time":4.566146372},
{"learn":[1.610737675],"iteration":50,"passed_time":0.2459079521,"remaining_time":4.5758166},
{"learn":[1.608647216],"iteration":51,"passed_time":0.2524833725,"remaining_time":4.602966099},
{"learn":[1.606466927],"iteration":52,"passed_time":0.2578507935,"remaining_time":4.607258518},
{"learn":[1.604332376],"iteration":53,"passed_time":0.2622576778,"remaining_time":4.594365985},
{"learn":[1.601672823],"iteration":54,"passed_time":0.2664520654,"remaining_time":4.578130941},
{"learn":[1.599705974],"iteration":55,"passed_time":0.2703664235,"remaining_time":4.557605426},
{"learn":[1.596998454],"iteration":56,"passed_time":0.2753251722,"remaining_time":4.554941006},
{"learn":[1.594583459],"iteration":57,"passed_time":0.2798794758,"remaining_time":4.545628728},
{"learn":[1.593295548],"iteration":58,"passed_time":0.2840628401,"remaining_time":4.530561569},
{"learn":[1.589941238],"iteration":59,"passed_time":0.2889649341,"remaining_time":4.527117301},
{"learn":[1.588533416],"iteration":60,"passed_time":0.2944722412,"remaining_time":4.532941548},
{"learn":[1.586516333],"iteration":61,"passed_time":0.3004706796,"remaining_time":4.545830605},
{"learn":[1.584776786],"iteration":62,"passed_time":0.3064280251,"remaining_time":4.557508882},
{"learn":[1.582789867],"iteration":63,"passed_time":0.31071558,"remaining_time":4.544215358},
{"learn":[1.580558393],"iteration":64,"passed_time":0.3148629493,"remaining_time":4.529182425},
{"learn":[1.577894436],"iteration":65,"passed_time":0.3189403186,"remaining_time":4.513488751},
{"learn":[1.575228824],"iteration":66,"passed_time":0.3239745738,"remaining_time":4.511466826},
{"learn":[1.573522775],"iteration":67,"passed_time":0.3284203978,"remaining_time":4.501291334},
{"learn":[1.570714176],"iteration":68,"passed_time":0.3325274042,"remaining_time":4.486710338},
{"learn":[1.568321308],"iteration":69,"passed_time":0.3376597954,"remaining_time":4.486051568},
{"learn":[1.565196219],"iteration":70,"passed_time":0.3420988316,"remaining_time":4.476194571},
{"learn":[1.56189711],"iteration":71,"passed_time":0.3464841084,"remaining_time":4.465795175},
{"learn":[1.559694379],"iteration":72,"passed_time":0.3507991494,"remaining_time":4.45466865},
{"learn":[1.557398675],"iteration":73,"passed_time":0.3568761156,"remaining_time":4.465774095},
{"learn":[1.555991531],"iteration":74,"passed_time":0.3619371558,"remaining_time":4.463891589},
{"learn":[1.554078],"iteration":75,"passed_time":0.3676277679,"remaining_time":4.469579704},
{"learn":[1.551701094],"iteration":76,"passed_time":0.37231355,"remaining_time":4.462927359},
{"learn":[1.549714232],"iteration":77,"passed_time":0.3765993647,"remaining_time":4.451597618},
{"learn":[1.548258287],"iteration":78,"passed_time":0.3808794878,"remaining_time":4.440379851},
{"learn":[1.545761191],"iteration":79,"passed_time":0.3857578363,"remaining_time":4.436215118},
{"learn":[1.544527431],"iteration":80,"passed_time":0.3898562913,"remaining_time":4.423184342},
{"learn":[1.54244653],"iteration":81,"passed_time":0.3937377957,"remaining_time":4.407942639},
{"learn":[1.541434136],"iteration":82,"passed_time":0.3979442652,"remaining_time":4.396564954},
{"learn":[1.539665551],"iteration":83,"passed_time":0.4025789836,"remaining_time":4.390027964},
{"learn":[1.538077232],"iteration":84,"passed_time":0.4068020584,"remaining_time":4.379104511},
{"learn":[1.534603961],"iteration":85,"passed_time":0.4114960524,"remaining_time":4.373341766},
{"learn":[1.533007871],"iteration":86,"passed_time":0.416300996,"remaining_time":4.368767924},
{"learn":[1.530540564],"iteration":87,"passed_time":0.4204271337,"remaining_time":4.357153932},
{"learn":[1.527880256],"iteration":88,"passed_time":0.4245567067,"remaining_time":4.345743368},
{"learn":[1.526211131],"iteration":89,"passed_time":0.4286661649,"remaining_time":4.334291223},
{"learn":[1.52487213],"iteration":90,"passed_time":0.4339424747,"remaining_time":4.334656149},
{"learn":[1.522374393],"iteration":91,"passed_time":0.4395270896,"remaining_time":4.337941276},
{"learn":[1.519757765],"iteration":92,"passed_time":0.4453764453,"remaining_time":4.34361759},
{"learn":[1.517550696],"iteration":93,"passed_time":0.4500906637,"remaining_time":4.338107886},
{"learn":[1.515914366],"iteration":94,"passed_time":0.4545011188,"remaining_time":4.329721185},
{"learn":[1.513965045],"iteration":95,"passed_time":0.4589121892,"remaining_time":4.321423115},
{"learn":[1.511988729],"iteration":96,"passed_time":0.4634684811,"remaining_time":4.314557097},
{"learn":[1.509841175],"iteration":97,"passed_time":0.4676809366,"remaining_time":4.304573518},
{"learn":[1.508443432],"iteration":98,"passed_time":0.4723748438,"remaining_time":4.299088225},
{"learn":[1.506048751],"iteration":99,"passed_time":0.4771319878,"remaining_time":4.29418789},
{"learn":[1.503881272],"iteration":100,"passed_time":0.4821938158,"remaining_time":4.29200238},
{"learn":[1.502218163],"iteration":101,"passed_time":0.4872817091,"remaining_time":4.289989949},
{"learn":[1.500168924],"iteration":102,"passed_time":0.4914537666,"remaining_time":4.279942026},
{"learn":[1.498424124],"iteration":103,"passed_time":0.4971396824,"remaining_time":4.283049572},
{"learn":[1.496543547],"iteration":104,"passed_time":0.5035265911,"remaining_time":4.291964753},
{"learn":[1.494667929],"iteration":105,"passed_time":0.5092279828,"remaining_time":4.294809591},
{"learn":[1.49279423],"iteration":106,"passed_time":0.513986829,"remaining_time":4.289628395},
{"learn":[1.490193491],"iteration":107,"passed_time":0.5182775504,"remaining_time":4.280588657},
{"learn":[1.488063276],"iteration":108,"passed_time":0.5223639638,"remaining_time":4.269965979},
{"learn":[1.48614879],"iteration":109,"passed_time":0.5268751383,"remaining_time":4.262898846},
{"learn":[1.483741716],"iteration":110,"passed_time":0.5311647005,"remaining_time":4.254102872},
{"learn":[1.481851412],"iteration":111,"passed_time":0.53548244,"remaining_time":4.245610775},
{"learn":[1.479680688],"iteration":112,"passed_time":0.5395143803,"remaining_time":4.234949162},
{"learn":[1.477948019],"iteration":113,"passed_time":0.546844168,"remaining_time":4.250034499},
{"learn":[1.475718474],"iteration":114,"passed_time":0.5519219072,"remaining_time":4.247399025},
{"learn":[1.47397357],"iteration":115,"passed_time":0.557469719,"remaining_time":4.248303721},
{"learn":[1.471244825],"iteration":116,"passed_time":0.5620293604,"remaining_time":4.241640386},
{"learn":[1.469013724],"iteration":117,"passed_time":0.5663582654,"remaining_time":4.233288051},
{"learn":[1.466931295],"iteration":118,"passed_time":0.5705138996,"remaining_time":4.223720551},
{"learn":[1.464870042],"iteration":119,"passed_time":0.5755478296,"remaining_time":4.220684084},
{"learn":[1.462884524],"iteration":120,"passed_time":0.5796899831,"remaining_time":4.211136324},
{"learn":[1.461967013],"iteration":121,"passed_time":0.5838704907,"remaining_time":4.201953203},
{"learn":[1.460388955],"iteration":122,"passed_time":0.5885916591,"remaining_time":4.196706382},
{"learn":[1.458316634],"iteration":123,"passed_time":0.5931385485,"remaining_time":4.190236843},
{"learn":[1.456800876],"iteration":124,"passed_time":0.5971618258,"remaining_time":4.180132781},
{"learn":[1.454758951],"iteration":125,"passed_time":0.6013613196,"remaining_time":4.171347566},
{"learn":[1.452680578],"iteration":126,"passed_time":0.6069885628,"remaining_time":4.172448939},
{"learn":[1.450271775],"iteration":127,"passed_time":0.6120480166,"remaining_time":4.169577113},
{"learn":[1.448996021],"iteration":128,"passed_time":0.6169331637,"remaining_time":4.165494462},
{"learn":[1.44789608],"iteration":129,"passed_time":0.6218168508,"remaining_time":4.161389694},
{"learn":[1.445960578],"iteration":130,"passed_time":0.6259644466,"remaining_time":4.152390108},
{"learn":[1.444055844],"iteration":131,"passed_time":0.6301425675,"remaining_time":4.143664762},
{"learn":[1.44145691],"iteration":132,"passed_time":0.6348195779,"remaining_time":4.138259955},
{"learn":[1.440344575],"iteration":133,"passed_time":0.6391098652,"remaining_time":4.130366741},
{"learn":[1.438523241],"iteration":134,"passed_time":0.6433188663,"remaining_time":4.122006069},
{"learn":[1.437016561],"iteration":135,"passed_time":0.6475103508,"remaining_time":4.113595169},
{"learn":[1.435385609],"iteration":136,"passed_time":0.6520831931,"remaining_time":4.107648143},
{"learn":[1.434361019],"iteration":137,"passed_time":0.6560159929,"remaining_time":4.097723086},
{"learn":[1.43266034],"iteration":138,"passed_time":0.6601008259,"remaining_time":4.088825979},
{"learn":[1.430939515],"iteration":139,"passed_time":0.6646196611,"remaining_time":4.082663632},
{"learn":[1.429577583],"iteration":140,"passed_time":0.6701499932,"remaining_time":4.082686838},
{"learn":[1.42662247],"iteration":141,"passed_time":0.674446861,"remaining_time":4.07517892},
{"learn":[1.424247498],"iteration":142,"passed_time":0.6788204098,"remaining_time":4.068175463},
{"learn":[1.42154846],"iteration":143,"passed_time":0.684149826,"remaining_time":4.066890632},
{"learn":[1.419048696],"iteration":144,"passed_time":0.6894487293,"remaining_time":4.065370093},
{"learn":[1.417437211],"iteration":145,"passed_time":0.6958378582,"remaining_time":4.070174869},
{"learn":[1.41548969],"iteration":146,"passed_time":0.7015991494,"remaining_time":4.07118418},
{"learn":[1.414102015],"iteration":147,"passed_time":0.7057180429,"remaining_time":4.062647112},
{"learn":[1.41176966],"iteration":148,"passed_time":0.7100782899,"remaining_time":4.055547817},
{"learn":[1.4100476],"iteration":149,"passed_time":0.7143781077,"remaining_time":4.04814261},
{"learn":[1.408110678],"iteration":150,"passed_time":0.7183638829,"remaining_time":4.039012825},
{"learn":[1.407385626],"iteration":151,"passed_time":0.7228406974,"remaining_time":4.032690207},
{"learn":[1.406740438],"iteration":152,"passed_time":0.7268554051,"remaining_time":4.023833517},
{"learn":[1.405337931],"iteration":153,"passed_time":0.7317407391,"remaining_time":4.019822502},
{"learn":[1.403796242],"iteration":154,"passed_time":0.7375328672,"remaining_time":4.020743696},
{"learn":[1.400851976],"iteration":155,"passed_time":0.7430395441,"remaining_time":4.020034457},
{"learn":[1.39915573],"iteration":156,"passed_time":0.7481889756,"remaining_time":4.017345901},
{"learn":[1.397459348],"iteration":157,"passed_time":0.7524155298,"remaining_time":4.009708077},
{"learn":[1.395300394],"iteration":158,"passed_time":0.7567669114,"remaining_time":4.002773412},
{"learn":[1.393189477],"iteration":159,"passed_time":0.7610388408,"remaining_time":3.995453914},
{"learn":[1.391223482],"iteration":160,"passed_time":0.7652282283,"remaining_time":3.987742134},
{"learn":[1.38856378],"iteration":161,"passed_time":0.7695786346,"remaining_time":3.980906764},
{"learn":[1.386627866],"iteration":162,"passed_time":0.7736732428,"remaining_time":3.972788369},
{"learn":[1.385246174],"iteration":163,"passed_time":0.7778244163,"remaining_time":3.96500739},
{"learn":[1.38406693],"iteration":164,"passed_time":0.7819329574,"remaining_time":3.957054663},
{"learn":[1.382672528],"iteration":165,"passed_time":0.7859966327,"remaining_time":3.948922841},
{"learn":[1.380996131],"iteration":166,"passed_time":0.7902950386,"remaining_time":3.942010582},
{"learn":[1.37940612],"iteration":167,"passed_time":0.7952120108,"remaining_time":3.938192815},
{"learn":[1.376413139],"iteration":168,"passed_time":0.801661355,"remaining_time":3.941896959},
{"learn":[1.375040822],"iteration":169,"passed_time":0.806661149,"remaining_time":3.938404433},
{"learn":[1.373164032],"iteration":170,"passed_time":0.8124235188,"remaining_time":3.938591211},
{"learn":[1.371830588],"iteration":171,"passed_time":0.8167897862,"remaining_time":3.931988041},
{"learn":[1.370348182],"iteration":172,"passed_time":0.8208458596,"remaining_time":3.923927896},
{"learn":[1.367170224],"iteration":173,"passed_time":0.8258805546,"remaining_time":3.920559414},
{"learn":[1.365672167],"iteration":174,"passed_time":0.8303153954,"remaining_time":3.914344007},
{"learn":[1.363693844],"iteration":175,"passed_time":0.8344459734,"remaining_time":3.90672433},
{"learn":[1.361863506],"iteration":176,"passed_time":0.8386771016,"remaining_time":3.899611608},
{"learn":[1.360982321],"iteration":177,"passed_time":0.8445894992,"remaining_time":3.900295328},
{"learn":[1.359643559],"iteration":178,"passed_time":0.8486472179,"remaining_time":3.892398692},
{"learn":[1.358333011],"iteration":179,"passed_time":0.8527160852,"remaining_time":3.884595499},
{"learn":[1.35637824],"iteration":180,"passed_time":0.8582711305,"remaining_time":3.88355832},
{"learn":[1.354416106],"iteration":181,"passed_time":0.8623028061,"remaining_time":3.8756247},
{"learn":[1.353100396],"iteration":182,"passed_time":0.8663503494,"remaining_time":3.867804565},
{"learn":[1.350974721],"iteration":183,"passed_time":0.870823531,"remaining_time":3.861913051},
{"learn":[1.349184249],"iteration":184,"passed_time":0.8771267879,"remaining_time":3.864099093},
{"learn":[1.347417933],"iteration":185,"passed_time":0.882216594,"remaining_time":3.860883374},
{"learn":[1.345828761],"iteration":186,"passed_time":0.8876379077,"remaining_time":3.859088872},
{"learn":[1.343640786],"iteration":187,"passed_time":0.8929298532,"remaining_time":3.856697025},
{"learn":[1.341179347],"iteration":188,"passed_time":0.8971611179,"remaining_time":3.849723104},
{"learn":[1.338917882],"iteration":189,"passed_time":0.9016346767,"remaining_time":3.84381099},
{"learn":[1.336499893],"iteration":190,"passed_time":0.9065405836,"remaining_time":3.839745195},
{"learn":[1.336000504],"iteration":191,"passed_time":0.9104379175,"remaining_time":3.831426236},
{"learn":[1.334767291],"iteration":192,"passed_time":0.9145241511,"remaining_time":3.823942953},
{"learn":[1.334061451],"iteration":193,"passed_time":0.9187813222,"remaining_time":3.817204875},
{"learn":[1.331608547],"iteration":194,"passed_time":0.9239155024,"remaining_time":3.814112715},
{"learn":[1.330006806],"iteration":195,"passed_time":0.927929666,"remaining_time":3.806405365},
{"learn":[1.327876755],"iteration":196,"passed_time":0.9325202327,"remaining_time":3.801085009},
{"learn":[1.325830089],"iteration":197,"passed_time":0.9374261951,"remaining_time":3.797049538},
{"learn":[1.324290478],"iteration":198,"passed_time":0.9426642446,"remaining_time":3.79434201},
{"learn":[1.322886216],"iteration":199,"passed_time":0.9483384484,"remaining_time":3.793353793},
{"learn":[1.321274323],"iteration":200,"passed_time":0.9538795983,"remaining_time":3.791790045},
{"learn":[1.3195813],"iteration":201,"passed_time":0.9580065607,"remaining_time":3.784600175},
{"learn":[1.317400944],"iteration":202,"passed_time":0.9623939404,"remaining_time":3.778462909},
{"learn":[1.315727246],"iteration":203,"passed_time":0.966820484,"remaining_time":3.772495614},
{"learn":[1.313822172],"iteration":204,"passed_time":0.9711649184,"remaining_time":3.766224928},
{"learn":[1.312113553],"iteration":205,"passed_time":0.9752534241,"remaining_time":3.758986499},
{"learn":[1.310214635],"iteration":206,"passed_time":0.9805289014,"remaining_time":3.756325695},
{"learn":[1.308700022],"iteration":207,"passed_time":0.9856658623,"remaining_time":3.753112322},
{"learn":[1.30680535],"iteration":208,"passed_time":0.9927966787,"remaining_time":3.757426664},
{"learn":[1.304977137],"iteration":209,"passed_time":0.999750097,"remaining_time":3.76096465},
{"learn":[1.303767268],"iteration":210,"passed_time":1.004469549,"remaining_time":3.756049642},
{"learn":[1.300736914],"iteration":211,"passed_time":1.009015245,"remaining_time":3.750490627},
{"learn":[1.298974908],"iteration":212,"passed_time":1.013378197,"remaining_time":3.744265919},
{"learn":[1.297104565],"iteration":213,"passed_time":1.017698714,"remaining_time":3.737902753},
{"learn":[1.295254351],"iteration":214,"passed_time":1.021892017,"remaining_time":3.731094107},
{"learn":[1.293586364],"iteration":215,"passed_time":1.026025088,"remaining_time":3.724091059},
{"learn":[1.292317322],"iteration":216,"passed_time":1.030241267,"remaining_time":3.717414342},
{"learn":[1.290430602],"iteration":217,"passed_time":1.034825216,"remaining_time":3.712079445},
{"learn":[1.28895586],"iteration":218,"passed_time":1.040501651,"remaining_time":3.71064744},
{"learn":[1.287195262],"iteration":219,"passed_time":1.045115919,"remaining_time":3.705410985},
{"learn":[1.286444965],"iteration":220,"passed_time":1.050447701,"remaining_time":3.702709317},
{"learn":[1.284751542],"iteration":221,"passed_time":1.05645529,"remaining_time":3.702352322},
{"learn":[1.28303051],"iteration":222,"passed_time":1.061983058,"remaining_time":3.700272807},
{"learn":[1.281793575],"iteration":223,"passed_time":1.067766084,"remaining_time":3.699046791},
{"learn":[1.280287561],"iteration":224,"passed_time":1.072245614,"remaining_time":3.693290448},
{"learn":[1.278633589],"iteration":225,"passed_time":1.076563073,"remaining_time":3.686990348},
{"learn":[1.277808972],"iteration":226,"passed_time":1.080912124,"remaining_time":3.680815293},
{"learn":[1.277020125],"iteration":227,"passed_time":1.085275391,"remaining_time":3.674704395},
{"learn":[1.275520211],"iteration":228,"passed_time":1.089632696,"remaining_time":3.668588683},
{"learn":[1.273245938],"iteration":229,"passed_time":1.093887702,"remaining_time":3.662145785},
{"learn":[1.272666563],"iteration":230,"passed_time":1.09853466,"remaining_time":3.657026638},
{"learn":[1.271319252],"iteration":231,"passed_time":1.102919408,"remaining_time":3.651043557},
{"learn":[1.269446946],"iteration":232,"passed_time":1.107150818,"remaining_time":3.644569431},
{"learn":[1.267765123],"iteration":233,"passed_time":1.111742607,"remaining_time":3.639294176},
{"learn":[1.26609095],"iteration":234,"passed_time":1.116215919,"remaining_time":3.633639057},
{"learn":[1.264058053],"iteration":235,"passed_time":1.120505395,"remaining_time":3.627398822},
{"learn":[1.26165012],"iteration":236,"passed_time":1.124797128,"remaining_time":3.621182316},
{"learn":[1.260271854],"iteration":237,"passed_time":1.130615134,"remaining_time":3.619868622},
{"learn":[1.259425725],"iteration":238,"passed_time":1.13634077,"remaining_time":3.618223121},
{"learn":[1.257424858],"iteration":239,"passed_time":1.14156977,"remaining_time":3.614970937},
{"learn":[1.255581196],"iteration":240,"passed_time":1.146002855,"remaining_time":3.609195714},
{"learn":[1.254381447],"iteration":241,"passed_time":1.150035417,"remaining_time":3.602177048},
{"learn":[1.253275599],"iteration":242,"passed_time":1.153919422,"remaining_time":3.594720175},
{"learn":[1.25228128],"iteration":243,"passed_time":1.159908385,"remaining_time":3.593814503},
{"learn":[1.249989063],"iteration":244,"passed_time":1.164381388,"remaining_time":3.588195705},
{"learn":[1.248304359],"iteration":245,"passed_time":1.168282389,"remaining_time":3.580833012},
{"learn":[1.24744751],"iteration":246,"passed_time":1.172577421,"remaining_time":3.574699588},
{"learn":[1.245573506],"iteration":247,"passed_time":1.178346296,"remaining_time":3.573050059},
{"learn":[1.24468252],"iteration":248,"passed_time":1.183249903,"remaining_time":3.568757741},
{"learn":[1.243143442],"iteration":249,"passed_time":1.188894251,"remaining_time":3.566682754},
{"learn":[1.240527388],"iteration":250,"passed_time":1.193526698,"remaining_time":3.561559749},
{"learn":[1.239044264],"iteration":251,"passed_time":1.197522782,"remaining_time":3.55455175},
{"learn":[1.237537998],"iteration":252,"passed_time":1.201570273,"remaining_time":3.547719344},
{"learn":[1.235955803],"iteration":253,"passed_time":1.206486299,"remaining_time":3.543459761},
{"learn":[1.234284096],"iteration":254,"passed_time":1.210499814,"remaining_time":3.536558279},
{"learn":[1.23313216],"iteration":255,"passed_time":1.214693461,"remaining_time":3.53020287},
{"learn":[1.231481847],"iteration":256,"passed_time":1.219233645,"remaining_time":3.52486614},
{"learn":[1.229779912],"iteration":257,"passed_time":1.223738228,"remaining_time":3.519433198},
{"learn":[1.22865746],"iteration":258,"passed_time":1.227871927,"remaining_time":3.512946324},
{"learn":[1.226676813],"iteration":259,"passed_time":1.232417361,"remaining_time":3.507649412},
{"learn":[1.225938819],"iteration":260,"passed_time":1.237714905,"remaining_time":3.504487796},
{"learn":[1.224222523],"iteration":261,"passed_time":1.243044711,"remaining_time":3.501400751},
{"learn":[1.222798041],"iteration":262,"passed_time":1.2492729,"remaining_time":3.500814173},
{"learn":[1.220856389],"iteration":263,"passed_time":1.254878462,"remaining_time":3.498449046},
{"learn":[1.219709874],"iteration":264,"passed_time":1.259044148,"remaining_time":3.492065845},
{"learn":[1.218345816],"iteration":265,"passed_time":1.263402818,"remaining_time":3.486231837},
{"learn":[1.216829941],"iteration":266,"passed_time":1.268172797,"remaining_time":3.481538054},
{"learn":[1.215707446],"iteration":267,"passed_time":1.272232258,"remaining_time":3.474903032},
{"learn":[1.214297777],"iteration":268,"passed_time":1.276583626,"remaining_time":3.469080412},
{"learn":[1.212101117],"iteration":269,"passed_time":1.28097643,"remaining_time":3.463380718},
{"learn":[1.210434111],"iteration":270,"passed_time":1.28573161,"remaining_time":3.458665474},
{"learn":[1.209469669],"iteration":271,"passed_time":1.289697144,"remaining_time":3.451836472},
{"learn":[1.207791345],"iteration":272,"passed_time":1.294141681,"remaining_time":3.446304037},
{"learn":[1.205652315],"iteration":273,"passed_time":1.298498785,"remaining_time":3.440547877},
{"learn":[1.204335767],"iteration":274,"passed_time":1.303702249,"remaining_time":3.437033202},
{"learn":[1.203034745],"iteration":275,"passed_time":1.309484798,"remaining_time":3.435025339},
{"learn":[1.201302911],"iteration":276,"passed_time":1.315256335,"remaining_time":3.43296148},
{"learn":[1.199770022],"iteration":277,"passed_time":1.319772578,"remaining_time":3.427610795},
{"learn":[1.198228219],"iteration":278,"passed_time":1.323927536,"remaining_time":3.421332451},
{"learn":[1.196828534],"iteration":279,"passed_time":1.328119232,"remaining_time":3.415163738},
{"learn":[1.195058539],"iteration":280,"passed_time":1.333040561,"remaining_time":3.410876025},
{"learn":[1.193689705],"iteration":281,"passed_time":1.337402379,"remaining_time":3.405159248},
{"learn":[1.192512628],"iteration":282,"passed_time":1.341796221,"remaining_time":3.399533182},
{"learn":[1.1907268],"iteration":283,"passed_time":1.346174375,"remaining_time":3.393876241},
{"learn":[1.188353349],"iteration":284,"passed_time":1.350892724,"remaining_time":3.389081746},
{"learn":[1.186548838],"iteration":285,"passed_time":1.355139415,"remaining_time":3.383110287},
{"learn":[1.185454038],"iteration":286,"passed_time":1.359547975,"remaining_time":3.377552984},
{"learn":[1.183302965],"iteration":287,"passed_time":1.364376347,"remaining_time":3.373041524},
{"learn":[1.181099672],"iteration":288,"passed_time":1.368705507,"remaining_time":3.367299707},
{"learn":[1.179564727],"iteration":289,"passed_time":1.37293306,"remaining_time":3.36131887},
{"learn":[1.177660973],"iteration":290,"passed_time":1.377090436,"remaining_time":3.355179104},
{"learn":[1.17620413],"iteration":291,"passed_time":1.383034375,"remaining_time":3.353384717},
{"learn":[1.174939409],"iteration":292,"passed_time":1.388710571,"remaining_time":3.350915951},
{"learn":[1.17385952],"iteration":293,"passed_time":1.395127808,"remaining_time":3.350204873},
{"learn":[1.172111537],"iteration":294,"passed_time":1.400460764,"remaining_time":3.346863859},
{"learn":[1.170307714],"iteration":295,"passed_time":1.405749264,"remaining_time":3.343403654},
{"learn":[1.168546714],"iteration":296,"passed_time":1.410252339,"remaining_time":3.338072034},
{"learn":[1.16689476],"iteration":297,"passed_time":1.414732806,"remaining_time":3.332692718},
{"learn":[1.165537242],"iteration":298,"passed_time":1.419027949,"remaining_time":3.326884923},
{"learn":[1.163937706],"iteration":299,"passed_time":1.423595279,"remaining_time":3.321722317},
{"learn":[1.163116394],"iteration":300,"passed_time":1.429034083,"remaining_time":3.318587455},
{"learn":[1.161359737],"iteration":301,"passed_time":1.434133739,"remaining_time":3.314653476},
{"learn":[1.160143669],"iteration":302,"passed_time":1.440075275,"remaining_time":3.312648404},
{"learn":[1.158913842],"iteration":303,"passed_time":1.445848773,"remaining_time":3.310232718},
{"learn":[1.157618637],"iteration":304,"passed_time":1.450045603,"remaining_time":3.304202275},
{"learn":[1.155697458],"iteration":305,"passed_time":1.454941648,"remaining_time":3.299769619},
{"learn":[1.15480188],"iteration":306,"passed_time":1.461829318,"remaining_time":3.299829697},
{"learn":[1.153080972],"iteration":307,"passed_time":1.466205838,"remaining_time":3.294202728},
{"learn":[1.151345511],"iteration":308,"passed_time":1.470546962,"remaining_time":3.288504695},
{"learn":[1.150390464],"iteration":309,"passed_time":1.475381586,"remaining_time":3.283913853},
{"learn":[1.148739567],"iteration":310,"passed_time":1.479408577,"remaining_time":3.277532184},
{"learn":[1.147516316],"iteration":311,"passed_time":1.484685355,"remaining_time":3.273921552},
{"learn":[1.146288781],"iteration":312,"passed_time":1.489005403,"remaining_time":3.268200358},
{"learn":[1.144902941],"iteration":313,"passed_time":1.494334954,"remaining_time":3.264693561},
{"learn":[1.143230509],"iteration":314,"passed_time":1.500290477,"remaining_time":3.262536435},
{"learn":[1.142370766],"iteration":315,"passed_time":1.506206692,"remaining_time":3.260270182},
{"learn":[1.140932812],"iteration":316,"passed_time":1.510835546,"remaining_time":3.255207185},
{"learn":[1.139399725],"iteration":317,"passed_time":1.515197764,"remaining_time":3.249575079},
{"learn":[1.138428586],"iteration":318,"passed_time":1.519155532,"remaining_time":3.243087515},
{"learn":[1.136758547],"iteration":319,"passed_time":1.523989708,"remaining_time":3.23847813},
{"learn":[1.135988537],"iteration":320,"passed_time":1.528363131,"remaining_time":3.232892729},
{"learn":[1.134742009],"iteration":321,"passed_time":1.532646201,"remaining_time":3.227124609},
{"learn":[1.133660903],"iteration":322,"passed_time":1.536982076,"remaining_time":3.221476364},
{"learn":[1.132414139],"iteration":323,"passed_time":1.541398441,"remaining_time":3.216004155},
{"learn":[1.131487908],"iteration":324,"passed_time":1.54554798,"remaining_time":3.209984267},
{"learn":[1.129754429],"iteration":325,"passed_time":1.549635502,"remaining_time":3.203847634},
{"learn":[1.128550156],"iteration":326,"passed_time":1.554454856,"remaining_time":3.199229718},
{"learn":[1.126905929],"iteration":327,"passed_time":1.56060941,"remaining_time":3.197346108},
{"learn":[1.125528287],"iteration":328,"passed_time":1.566065659,"remaining_time":3.194012332},
{"learn":[1.123661702],"iteration":329,"passed_time":1.571464812,"remaining_time":3.19054977},
{"learn":[1.122398481],"iteration":330,"passed_time":1.575768532,"remaining_time":3.184861475},
{"learn":[1.120821495],"iteration":331,"passed_time":1.579828192,"remaining_time":3.178690459},
{"learn":[1.120061757],"iteration":332,"passed_time":1.583780752,"remaining_time":3.172317602},
{"learn":[1.118107969],"iteration":333,"passed_time":1.588413053,"remaining_time":3.167314651},
{"learn":[1.117092265],"iteration":334,"passed_time":1.592677084,"remaining_time":3.161582869},
{"learn":[1.115837797],"iteration":335,"passed_time":1.596774535,"remaining_time":3.155530628},
{"learn":[1.114300507],"iteration":336,"passed_time":1.601338127,"remaining_time":3.150407056},
{"learn":[1.112647012],"iteration":337,"passed_time":1.60586768,"remaining_time":3.145220131},
{"learn":[1.111636045],"iteration":338,"passed_time":1.609983752,"remaining_time":3.139230856},
{"learn":[1.110175097],"iteration":339,"passed_time":1.614056316,"remaining_time":3.133168143},
{"learn":[1.10924455],"iteration":340,"passed_time":1.620054924,"remaining_time":3.13083928},
{"learn":[1.108389596],"iteration":341,"passed_time":1.624260494,"remaining_time":3.125039195},
{"learn":[1.107476659],"iteration":342,"passed_time":1.62819842,"remaining_time":3.118735748},
{"learn":[1.106090717],"iteration":343,"passed_time":1.633482422,"remaining_time":3.115012991},
{"learn":[1.104602944],"iteration":344,"passed_time":1.639274746,"remaining_time":3.112246257},
{"learn":[1.103253411],"iteration":345,"passed_time":1.644755278,"remaining_time":3.108872693},
{"learn":[1.10183827],"iteration":346,"passed_time":1.65212192,"remaining_time":3.109036352},
{"learn":[1.100550798],"iteration":347,"passed_time":1.656418179,"remaining_time":3.103404175},
{"learn":[1.099549995],"iteration":348,"passed_time":1.660480571,"remaining_time":3.097343414},
{"learn":[1.097905598],"iteration":349,"passed_time":1.665581598,"remaining_time":3.093222968},
{"learn":[1.096268939],"iteration":350,"passed_time":1.669545221,"remaining_time":3.08699387},
{"learn":[1.094780585],"iteration":351,"passed_time":1.67385063,"remaining_time":3.081406841},
{"learn":[1.093128816],"iteration":352,"passed_time":1.677983014,"remaining_time":3.075509944},
{"learn":[1.092130448],"iteration":353,"passed_time":1.683654473,"remaining_time":3.072431609},
{"learn":[1.090393103],"iteration":354,"passed_time":1.688681587,"remaining_time":3.068167954},
{"learn":[1.089378732],"iteration":355,"passed_time":1.693952725,"remaining_time":3.064341446},
{"learn":[1.088066233],"iteration":356,"passed_time":1.698801669,"remaining_time":3.059746423},
{"learn":[1.086853971],"iteration":357,"passed_time":1.702887611,"remaining_time":3.053781694},
{"learn":[1.08583061],"iteration":358,"passed_time":1.706888693,"remaining_time":3.047675912},
{"learn":[1.08448174],"iteration":359,"passed_time":1.711532984,"remaining_time":3.042725304},
{"learn":[1.083497697],"iteration":360,"passed_time":1.716125123,"remaining_time":3.037684082},
{"learn":[1.081554236],"iteration":361,"passed_time":1.720360785,"remaining_time":3.032017074},
{"learn":[1.080016559],"iteration":362,"passed_time":1.725020238,"remaining_time":3.02710163},
{"learn":[1.078394767],"iteration":363,"passed_time":1.729863413,"remaining_time":3.0225086},
{"learn":[1.077874306],"iteration":364,"passed_time":1.733732531,"remaining_time":3.016219609},
{"learn":[1.076958131],"iteration":365,"passed_time":1.738356507,"remaining_time":3.011251435},
{"learn":[1.075244717],"iteration":366,"passed_time":1.742915994,"remaining_time":3.006173908},
{"learn":[1.073302539],"iteration":367,"passed_time":1.748599129,"remaining_time":3.003028939},
{"learn":[1.072399413],"iteration":368,"passed_time":1.754245813,"remaining_time":2.99980788},
{"learn":[1.071457059],"iteration":369,"passed_time":1.759691737,"remaining_time":2.996231877},
{"learn":[1.070550126],"iteration":370,"passed_time":1.763693586,"remaining_time":2.990197482},
{"learn":[1.069237923],"iteration":371,"passed_time":1.768404974,"remaining_time":2.985371838},
{"learn":[1.068505894],"iteration":372,"passed_time":1.773266584,"remaining_time":2.980799324},
{"learn":[1.066755085],"iteration":373,"passed_time":1.778032912,"remaining_time":2.976065783},
{"learn":[1.065783373],"iteration":374,"passed_time":1.782834765,"remaining_time":2.971391275},
{"learn":[1.064540858],"iteration":375,"passed_time":1.787563938,"remaining_time":2.966595472},
{"learn":[1.063084142],"iteration":376,"passed_time":1.792086597,"remaining_time":2.961458752},
{"learn":[1.061297012],"iteration":377,"passed_time":1.796432598,"remaining_time":2.956034592},
{"learn":[1.059596382],"iteration":378,"passed_time":1.800985285,"remaining_time":2.95095478},
{"learn":[1.057959741],"iteration":379,"passed_time":1.805124328,"remaining_time":2.945202851},
{"learn":[1.057072725],"iteration":380,"passed_time":1.811069974,"remaining_time":2.942394525},
{"learn":[1.055738478],"iteration":381,"passed_time":1.81676179,"remaining_time":2.939159126},
{"learn":[1.054036788],"iteration":382,"passed_time":1.822095536,"remaining_time":2.935334062},
{"learn":[1.052496444],"iteration":383,"passed_time":1.827119557,"remaining_time":2.931004289},
{"learn":[1.05136275],"iteration":384,"passed_time":1.831299919,"remaining_time":2.925323247},
{"learn":[1.049970047],"iteration":385,"passed_time":1.835460106,"remaining_time":2.919617888},
{"learn":[1.048720325],"iteration":386,"passed_time":1.84067713,"remaining_time":2.915594524},
{"learn":[1.047629832],"iteration":387,"passed_time":1.845060145,"remaining_time":2.910249507},
{"learn":[1.045935178],"iteration":388,"passed_time":1.849576905,"remaining_time":2.905119509},
{"learn":[1.04455923],"iteration":389,"passed_time":1.853542051,"remaining_time":2.899129874},
{"learn":[1.043347939],"iteration":390,"passed_time":1.858505743,"remaining_time":2.894705876},
{"learn":[1.042000712],"iteration":391,"passed_time":1.862615421,"remaining_time":2.888954531},
{"learn":[1.040807794],"iteration":392,"passed_time":1.866674905,"remaining_time":2.883134014},
{"learn":[1.039521222],"iteration":393,"passed_time":1.871697883,"remaining_time":2.878804358},
{"learn":[1.038459102],"iteration":394,"passed_time":1.877991598,"remaining_time":2.876417511},
{"learn":[1.037072439],"iteration":395,"passed_time":1.883240307,"remaining_time":2.872417035},
{"learn":[1.035539278],"iteration":396,"passed_time":1.889831683,"remaining_time":2.870449635},
{"learn":[1.03410454],"iteration":397,"passed_time":1.894037263,"remaining_time":2.864850332},
{"learn":[1.032671293],"iteration":398,"passed_time":1.89839834,"remaining_time":2.859492236},
{"learn":[1.031000076],"iteration":399,"passed_time":1.90337934,"remaining_time":2.85506901},
{"learn":[1.029276867],"iteration":400,"passed_time":1.907678589,"remaining_time":2.849624626},
{"learn":[1.027526585],"iteration":401,"passed_time":1.911889159,"remaining_time":2.844054023},
{"learn":[1.026293992],"iteration":402,"passed_time":1.91653288,"remaining_time":2.839131835},
{"learn":[1.025197672],"iteration":403,"passed_time":1.921004991,"remaining_time":2.833957858},
{"learn":[1.023841987],"iteration":404,"passed_time":1.925169703,"remaining_time":2.828335736},
{"learn":[1.022353611],"iteration":405,"passed_time":1.929388076,"remaining_time":2.822799303},
{"learn":[1.02131395],"iteration":406,"passed_time":1.934812692,"remaining_time":2.819026846},
{"learn":[1.019652002],"iteration":407,"passed_time":1.940247334,"remaining_time":2.815260837},
{"learn":[1.018788169],"iteration":408,"passed_time":1.945814013,"remaining_time":2.811677461},
{"learn":[1.017366688],"iteration":409,"passed_time":1.951638402,"remaining_time":2.808455261},
{"learn":[1.016612682],"iteration":410,"passed_time":1.955648068,"remaining_time":2.802619737},
{"learn":[1.014762377],"iteration":411,"passed_time":1.959894898,"remaining_time":2.797131554},
{"learn":[1.013016483],"iteration":412,"passed_time":1.965364629,"remaining_time":2.793387499},
{"learn":[1.01166116],"iteration":413,"passed_time":1.9703834,"remaining_time":2.788996793},
{"learn":[1.010152479],"iteration":414,"passed_time":1.974966164,"remaining_time":2.783988448},
{"learn":[1.008630691],"iteration":415,"passed_time":1.980809829,"remaining_time":2.78075226},
{"learn":[1.006913017],"iteration":416,"passed_time":1.985952333,"remaining_time":2.776523285},
{"learn":[1.00520066],"iteration":417,"passed_time":1.990440014,"remaining_time":2.771378201},
{"learn":[1.003879347],"iteration":418,"passed_time":1.996342492,"remaining_time":2.768198062},
{"learn":[1.002949083],"iteration":419,"passed_time":2.00203412,"remaining_time":2.764713785},
{"learn":[1.002127992],"iteration":420,"passed_time":2.007972325,"remaining_time":2.761558138},
{"learn":[1.000370717],"iteration":421,"passed_time":2.014320812,"remaining_time":2.758951255},
{"learn":[0.9988140479],"iteration":422,"passed_time":2.018612165,"remaining_time":2.753520613},
{"learn":[0.9972265733],"iteration":423,"passed_time":2.022919568,"remaining_time":2.748117149},
{"learn":[0.9958839648],"iteration":424,"passed_time":2.027373207,"remaining_time":2.742916692},
{"learn":[0.9950760636],"iteration":425,"passed_time":2.031863672,"remaining_time":2.73776936},
{"learn":[0.9940494617],"iteration":426,"passed_time":2.036012938,"remaining_time":2.732167245},
{"learn":[0.9925553519],"iteration":427,"passed_time":2.040510426,"remaining_time":2.727037298},
{"learn":[0.9908777952],"iteration":428,"passed_time":2.045105221,"remaining_time":2.722039816},
{"learn":[0.9896234402],"iteration":429,"passed_time":2.049308855,"remaining_time":2.716525692},
{"learn":[0.9880722451],"iteration":430,"passed_time":2.054149068,"remaining_time":2.711858051},
{"learn":[0.986733961],"iteration":431,"passed_time":2.058476026,"remaining_time":2.706514775},
{"learn":[0.984791912],"iteration":432,"passed_time":2.063826653,"remaining_time":2.702516656},
{"learn":[0.9833824693],"iteration":433,"passed_time":2.069477782,"remaining_time":2.698904205},
{"learn":[0.9818353375],"iteration":434,"passed_time":2.074947367,"remaining_time":2.69504658},
{"learn":[0.9804581573],"iteration":435,"passed_time":2.079844902,"remaining_time":2.69044157},
{"learn":[0.9788571739],"iteration":436,"passed_time":2.084073409,"remaining_time":2.684973294},
{"learn":[0.9780916087],"iteration":437,"passed_time":2.08807544,"remaining_time":2.679220085},
{"learn":[0.9766514146],"iteration":438,"passed_time":2.092542475,"remaining_time":2.674069085},
{"learn":[0.9750589951],"iteration":439,"passed_time":2.096835135,"remaining_time":2.668699263},
{"learn":[0.9742319636],"iteration":440,"passed_time":2.100733209,"remaining_time":2.662834159},
{"learn":[0.9733049738],"iteration":441,"passed_time":2.104779424,"remaining_time":2.657164974},
{"learn":[0.9727459606],"iteration":442,"passed_time":2.110078072,"remaining_time":2.653077847},
{"learn":[0.9716323022],"iteration":443,"passed_time":2.114688793,"remaining_time":2.648123804},
{"learn":[0.9706251153],"iteration":444,"passed_time":2.118807772,"remaining_time":2.642558008},
{"learn":[0.9686526845],"iteration":445,"passed_time":2.123799572,"remaining_time":2.638082876},
{"learn":[0.9676189292],"iteration":446,"passed_time":2.129713902,"remaining_time":2.634746729},
{"learn":[0.9662402477],"iteration":447,"passed_time":2.135446679,"remaining_time":2.631175372},
{"learn":[0.965151131],"iteration":448,"passed_time":2.141365937,"remaining_time":2.627823232},
{"learn":[0.9637981467],"iteration":449,"passed_time":2.145787776,"remaining_time":2.622629504},
{"learn":[0.9623267196],"iteration":450,"passed_time":2.149878837,"remaining_time":2.617036544},
{"learn":[0.9615852735],"iteration":451,"passed_time":2.154199222,"remaining_time":2.61172826},
{"learn":[0.9604858058],"iteration":452,"passed_time":2.158872214,"remaining_time":2.606850113},
{"learn":[0.9592487022],"iteration":453,"passed_time":2.162886843,"remaining_time":2.601181093},
{"learn":[0.9580196968],"iteration":454,"passed_time":2.167120504,"remaining_time":2.595781703},
{"learn":[0.9567052293],"iteration":455,"passed_time":2.171968564,"remaining_time":2.591120392},
{"learn":[0.9554696394],"iteration":456,"passed_time":2.17606325,"remaining_time":2.585563117},
{"learn":[0.9543251628],"iteration":457,"passed_time":2.180306942,"remaining_time":2.580188564},
{"learn":[0.9531734149],"iteration":458,"passed_time":2.184835113,"remaining_time":2.57515424},
{"learn":[0.952279559],"iteration":459,"passed_time":2.191464781,"remaining_time":2.572589091},
{"learn":[0.950919965],"iteration":460,"passed_time":2.196367801,"remaining_time":2.567987515},
{"learn":[0.9492291501],"iteration":461,"passed_time":2.20294294,"remaining_time":2.565331822},
{"learn":[0.9475218689],"iteration":462,"passed_time":2.207909075,"remaining_time":2.56079303},
{"learn":[0.9463946624],"iteration":463,"passed_time":2.212204981,"remaining_time":2.555478167},
{"learn":[0.945240465],"iteration":464,"passed_time":2.2164991,"remaining_time":2.550165631},
{"learn":[0.9435728984],"iteration":465,"passed_time":2.222070243,"remaining_time":2.546320836},
{"learn":[0.9426299585],"iteration":466,"passed_time":2.226231821,"remaining_time":2.540859873},
{"learn":[0.9411283608],"iteration":467,"passed_time":2.230755495,"remaining_time":2.535816075},
{"learn":[0.9401820972],"iteration":468,"passed_time":2.235138389,"remaining_time":2.530615105},
{"learn":[0.9387805663],"iteration":469,"passed_time":2.239264122,"remaining_time":2.525127627},
{"learn":[0.9382278318],"iteration":470,"passed_time":2.243473859,"remaining_time":2.519740279},
{"learn":[0.9374318585],"iteration":471,"passed_time":2.248187812,"remaining_time":2.51492196},
{"learn":[0.9360144214],"iteration":472,"passed_time":2.253044857,"remaining_time":2.510263508},
{"learn":[0.9352641031],"iteration":473,"passed_time":2.258055148,"remaining_time":2.505774278},
{"learn":[0.9342670989],"iteration":474,"passed_time":2.264147121,"remaining_time":2.502478397},
{"learn":[0.9328698511],"iteration":475,"passed_time":2.269328864,"remaining_time":2.49816875},
{"learn":[0.9314072161],"iteration":476,"passed_time":2.273459859,"remaining_time":2.492703367},
{"learn":[0.9302047483],"iteration":477,"passed_time":2.277810507,"remaining_time":2.487483441},
{"learn":[0.928937897],"iteration":478,"passed_time":2.282482142,"remaining_time":2.482616275},
{"learn":[0.9282606004],"iteration":479,"passed_time":2.2865654,"remaining_time":2.477112517},
{"learn":[0.927126943],"iteration":480,"passed_time":2.291198949,"remaining_time":2.472208429},
{"learn":[0.9261922294],"iteration":481,"passed_time":2.295695201,"remaining_time":2.467157913},
{"learn":[0.9250916149],"iteration":482,"passed_time":2.300346267,"remaining_time":2.462275404},
{"learn":[0.9232346829],"iteration":483,"passed_time":2.304450085,"remaining_time":2.456810421},
{"learn":[0.9219318355],"iteration":484,"passed_time":2.308839027,"remaining_time":2.451653813},
{"learn":[0.9206935649],"iteration":485,"passed_time":2.313115016,"remaining_time":2.446380901},
{"learn":[0.9198135183],"iteration":486,"passed_time":2.318089269,"remaining_time":2.441847629},
{"learn":[0.9180562598],"iteration":487,"passed_time":2.324306343,"remaining_time":2.438616491},
{"learn":[0.9169496707],"iteration":488,"passed_time":2.329658316,"remaining_time":2.43446912},
{"learn":[0.9158791153],"iteration":489,"passed_time":2.333747202,"remaining_time":2.42900219},
{"learn":[0.9145295878],"iteration":490,"passed_time":2.338387479,"remaining_time":2.424112478},
{"learn":[0.9135085025],"iteration":491,"passed_time":2.342672906,"remaining_time":2.418857391},
{"learn":[0.9123724901],"iteration":492,"passed_time":2.347284415,"remaining_time":2.413941578},
{"learn":[0.9106643334],"iteration":493,"passed_time":2.351660768,"remaining_time":2.408786131},
{"learn":[0.9099158422],"iteration":494,"passed_time":2.356133052,"remaining_time":2.403731699},
{"learn":[0.9087320374],"iteration":495,"passed_time":2.360649501,"remaining_time":2.398724493},
{"learn":[0.9075343438],"iteration":496,"passed_time":2.365741403,"remaining_time":2.394301662},
{"learn":[0.9068059812],"iteration":497,"passed_time":2.370019861,"remaining_time":2.389056165},
{"learn":[0.9053960017],"iteration":498,"passed_time":2.374404974,"remaining_time":2.383921627},
{"learn":[0.9045205314],"iteration":499,"passed_time":2.380289299,"remaining_time":2.380289299},
{"learn":[0.903158969],"iteration":500,"passed_time":2.385960619,"remaining_time":2.376435827},
{"learn":[0.9020826892],"iteration":501,"passed_time":2.391001149,"remaining_time":2.371949347},
{"learn":[0.9013098287],"iteration":502,"passed_time":2.396972991,"remaining_time":2.368380868},
{"learn":[0.9000922263],"iteration":503,"passed_time":2.401243651,"remaining_time":2.363128672},
{"learn":[0.8983671284],"iteration":504,"passed_time":2.405562434,"remaining_time":2.357927534},
{"learn":[0.8973857875],"iteration":505,"passed_time":2.410355401,"remaining_time":2.353192822},
{"learn":[0.8961923604],"iteration":506,"passed_time":2.414580293,"remaining_time":2.347905492},
{"learn":[0.895262544],"iteration":507,"passed_time":2.418715249,"remaining_time":2.342535241},
{"learn":[0.8940142986],"iteration":508,"passed_time":2.423171829,"remaining_time":2.337480095},
{"learn":[0.8934542725],"iteration":509,"passed_time":2.427606318,"remaining_time":2.33240607},
{"learn":[0.8925258149],"iteration":510,"passed_time":2.431836473,"remaining_time":2.327139013},
{"learn":[0.8919331074],"iteration":511,"passed_time":2.436046017,"remaining_time":2.32185636},
{"learn":[0.8910302451],"iteration":512,"passed_time":2.441506054,"remaining_time":2.317765006},
{"learn":[0.8902307059],"iteration":513,"passed_time":2.447255932,"remaining_time":2.31394238},
{"learn":[0.888905029],"iteration":514,"passed_time":2.452924904,"remaining_time":2.310036074},
{"learn":[0.8879468697],"iteration":515,"passed_time":2.458473178,"remaining_time":2.306009725},
{"learn":[0.8867322509],"iteration":516,"passed_time":2.462469523,"remaining_time":2.30052762},
{"learn":[0.8857872224],"iteration":517,"passed_time":2.466458211,"remaining_time":2.295044127},
{"learn":[0.8844914746],"iteration":518,"passed_time":2.470924827,"remaining_time":2.290009329},
{"learn":[0.8828916234],"iteration":519,"passed_time":2.475314631,"remaining_time":2.284905814},
{"learn":[0.8819195962],"iteration":520,"passed_time":2.479555963,"remaining_time":2.279668534},
{"learn":[0.8804399168],"iteration":521,"passed_time":2.484124782,"remaining_time":2.274734954},
{"learn":[0.879469721],"iteration":522,"passed_time":2.488823873,"remaining_time":2.269921582},
{"learn":[0.8784536793],"iteration":523,"passed_time":2.492961627,"remaining_time":2.26459873},
{"learn":[0.8774905291],"iteration":524,"passed_time":2.497382716,"remaining_time":2.259536743},
{"learn":[0.8769170463],"iteration":525,"passed_time":2.501650249,"remaining_time":2.254338818},
{"learn":[0.876563081],"iteration":526,"passed_time":2.506607574,"remaining_time":2.249763534},
{"learn":[0.8753591407],"iteration":527,"passed_time":2.511853814,"remaining_time":2.245445076},
{"learn":[0.8746618583],"iteration":528,"passed_time":2.517190745,"remaining_time":2.241203858},
{"learn":[0.8740703964],"iteration":529,"passed_time":2.522306974,"remaining_time":2.236762788},
{"learn":[0.872786539],"iteration":530,"passed_time":2.526771422,"remaining_time":2.231743497},
{"learn":[0.8715959818],"iteration":531,"passed_time":2.531123368,"remaining_time":2.226627324},
{"learn":[0.8703210988],"iteration":532,"passed_time":2.535694854,"remaining_time":2.221706373},
{"learn":[0.8687873933],"iteration":533,"passed_time":2.539818197,"remaining_time":2.216395655},
{"learn":[0.8677927372],"iteration":534,"passed_time":2.544290771,"remaining_time":2.211392913},
{"learn":[0.8668459658],"iteration":535,"passed_time":2.548613817,"remaining_time":2.206262707},
{"learn":[0.8661839502],"iteration":536,"passed_time":2.553084957,"remaining_time":2.201263194},
{"learn":[0.8649564416],"iteration":537,"passed_time":2.557392231,"remaining_time":2.196124927},
{"learn":[0.8639164341],"iteration":538,"passed_time":2.56161481,"remaining_time":2.190917305},
{"learn":[0.8633670971],"iteration":539,"passed_time":2.565686107,"remaining_time":2.185584461},
{"learn":[0.8621497797],"iteration":540,"passed_time":2.572726437,"remaining_time":2.182775295},
{"learn":[0.8612195425],"iteration":541,"passed_time":2.578773908,"remaining_time":2.179111531},
{"learn":[0.8605503373],"iteration":542,"passed_time":2.584383284,"remaining_time":2.175070278},
{"learn":[0.8592594125],"iteration":543,"passed_time":2.588931761,"remaining_time":2.170133976},
{"learn":[0.8579879716],"iteration":544,"passed_time":2.593365652,"remaining_time":2.165103434},
{"learn":[0.8570009654],"iteration":545,"passed_time":2.597828889,"remaining_time":2.160099479},
{"learn":[0.8560923592],"iteration":546,"passed_time":2.602718567,"remaining_time":2.155450659},
{"learn":[0.8549609177],"iteration":547,"passed_time":2.60720779,"remaining_time":2.150470659},
{"learn":[0.8538613123],"iteration":548,"passed_time":2.611458936,"remaining_time":2.145296867},
{"learn":[0.8529814166],"iteration":549,"passed_time":2.616199629,"remaining_time":2.140526969},
{"learn":[0.8520425024],"iteration":550,"passed_time":2.620673113,"remaining_time":2.135539433},
{"learn":[0.8510700328],"iteration":551,"passed_time":2.62467498,"remaining_time":2.130170998},
{"learn":[0.8497297448],"iteration":552,"passed_time":2.628712459,"remaining_time":2.124836291},
{"learn":[0.8484896849],"iteration":553,"passed_time":2.634576611,"remaining_time":2.120976839},
{"learn":[0.8471232571],"iteration":554,"passed_time":2.640316604,"remaining_time":2.117010611},
{"learn":[0.8463846063],"iteration":555,"passed_time":2.645801799,"remaining_time":2.11283453},
{"learn":[0.8454563788],"iteration":556,"passed_time":2.650088547,"remaining_time":2.107700586},
{"learn":[0.8441901114],"iteration":557,"passed_time":2.654373748,"remaining_time":2.102568453},
{"learn":[0.8432231569],"iteration":558,"passed_time":2.658545036,"remaining_time":2.097349483},
{"learn":[0.8425950005],"iteration":559,"passed_time":2.663460013,"remaining_time":2.092718582},
{"learn":[0.8419070366],"iteration":560,"passed_time":2.667688466,"remaining_time":2.087549441},
{"learn":[0.8408387725],"iteration":561,"passed_time":2.671944837,"remaining_time":2.082405407},
{"learn":[0.8401789695],"iteration":562,"passed_time":2.67609666,"remaining_time":2.077183375},
{"learn":[0.8389683261],"iteration":563,"passed_time":2.680736084,"remaining_time":2.072342079},
{"learn":[0.8381144683],"iteration":564,"passed_time":2.684757369,"remaining_time":2.067025585},
{"learn":[0.8367702547],"iteration":565,"passed_time":2.689106995,"remaining_time":2.061965435},
{"learn":[0.8358260903],"iteration":566,"passed_time":2.693981853,"remaining_time":2.057308893},
{"learn":[0.8348351942],"iteration":567,"passed_time":2.698957471,"remaining_time":2.052728217},
{"learn":[0.8333201832],"iteration":568,"passed_time":2.704449004,"remaining_time":2.048536943},
{"learn":[0.8321218195],"iteration":569,"passed_time":2.710587,"remaining_time":2.044828789},
{"learn":[0.831172927],"iteration":570,"passed_time":2.714729344,"remaining_time":2.039612764},
{"learn":[0.8304374896],"iteration":571,"passed_time":2.718774595,"remaining_time":2.034327844},
{"learn":[0.8288971326],"iteration":572,"passed_time":2.723718686,"remaining_time":2.029717066},
{"learn":[0.8280707415],"iteration":573,"passed_time":2.728156336,"remaining_time":2.024729267},
{"learn":[0.8268167112],"iteration":574,"passed_time":2.732334802,"remaining_time":2.01955181},
{"learn":[0.8256141607],"iteration":575,"passed_time":2.736795128,"remaining_time":2.014585303},
{"learn":[0.8244228111],"iteration":576,"passed_time":2.74165001,"remaining_time":2.0099098},
{"learn":[0.8236213547],"iteration":577,"passed_time":2.745640007,"remaining_time":2.004602219},
{"learn":[0.8225375024],"iteration":578,"passed_time":2.749950606,"remaining_time":1.999532306},
{"learn":[0.8215102518],"iteration":579,"passed_time":2.75450032,"remaining_time":1.994638163},
{"learn":[0.8201835491],"iteration":580,"passed_time":2.761650024,"remaining_time":1.991620241},
{"learn":[0.8196672538],"iteration":581,"passed_time":2.766726239,"remaining_time":1.987098914},
{"learn":[0.8188776787],"iteration":582,"passed_time":2.773003437,"remaining_time":1.983434705},
{"learn":[0.8178465068],"iteration":583,"passed_time":2.777048524,"remaining_time":1.978171552},
{"learn":[0.8165849575],"iteration":584,"passed_time":2.781396278,"remaining_time":1.973127274},
{"learn":[0.8152470055],"iteration":585,"passed_time":2.785820571,"remaining_time":1.968139448},
{"learn":[0.8143806199],"iteration":586,"passed_time":2.790498046,"remaining_time":1.963331674},
{"learn":[0.8129664924],"iteration":587,"passed_time":2.794646842,"remaining_time":1.95815391},
{"learn":[0.8119064606],"iteration":588,"passed_time":2.799471145,"remaining_time":1.953451003},
{"learn":[0.8108435696],"iteration":589,"passed_time":2.804260265,"remaining_time":1.948723235},
{"learn":[0.8098551417],"iteration":590,"passed_time":2.808474226,"remaining_time":1.943597223},
{"learn":[0.8092445075],"iteration":591,"passed_time":2.812740415,"remaining_time":1.938510286},
{"learn":[0.8080936958],"iteration":592,"passed_time":2.817037487,"remaining_time":1.933447314},
{"learn":[0.8069344655],"iteration":593,"passed_time":2.822502927,"remaining_time":1.929185503},
{"learn":[0.8057541257],"iteration":594,"passed_time":2.828281912,"remaining_time":1.925133066},
{"learn":[0.8052632802],"iteration":595,"passed_time":2.833994055,"remaining_time":1.921029527},
{"learn":[0.8044407036],"iteration":596,"passed_time":2.838863055,"remaining_time":1.916351443},
{"learn":[0.802982132],"iteration":597,"passed_time":2.843362345,"remaining_time":1.911424185},
{"learn":[0.8025137201],"iteration":598,"passed_time":2.84745808,"remaining_time":1.906228197},
{"learn":[0.8018128128],"iteration":599,"passed_time":2.851824616,"remaining_time":1.90121641},
{"learn":[0.8013382585],"iteration":600,"passed_time":2.856201044,"remaining_time":1.896213338},
{"learn":[0.8002506245],"iteration":601,"passed_time":2.860841025,"remaining_time":1.891386591},
{"learn":[0.7993854082],"iteration":602,"passed_time":2.865211464,"remaining_time":1.886383004},
{"learn":[0.7982651898],"iteration":603,"passed_time":2.870222452,"remaining_time":1.881801475},
{"learn":[0.7971664903],"iteration":604,"passed_time":2.875069516,"remaining_time":1.877111502},
{"learn":[0.7962708574],"iteration":605,"passed_time":2.879138633,"remaining_time":1.871915217},
{"learn":[0.7956263645],"iteration":606,"passed_time":2.883925495,"remaining_time":1.867187347},
{"learn":[0.7949718599],"iteration":607,"passed_time":2.889603187,"remaining_time":1.863033634},
{"learn":[0.794055588],"iteration":608,"passed_time":2.894688035,"remaining_time":1.858494288},
{"learn":[0.7926599334],"iteration":609,"passed_time":2.900331432,"remaining_time":1.85431026},
{"learn":[0.7921542026],"iteration":610,"passed_time":2.904622427,"remaining_time":1.849260432},
{"learn":[0.7912541012],"iteration":611,"passed_time":2.908732188,"remaining_time":1.844098184},
{"learn":[0.7906247179],"iteration":612,"passed_time":2.913544537,"remaining_time":1.839382929},
{"learn":[0.7893694442],"iteration":613,"passed_time":2.918148829,"remaining_time":1.83453656},
{"learn":[0.7880880574],"iteration":614,"passed_time":2.922497787,"remaining_time":1.829531135},
{"learn":[0.7872644424],"iteration":615,"passed_time":2.926720075,"remaining_time":1.824448878},
{"learn":[0.7864320976],"iteration":616,"passed_time":2.931684256,"remaining_time":1.819829935},
{"learn":[0.7850760983],"iteration":617,"passed_time":2.936217868,"remaining_time":1.814943731},
{"learn":[0.783920838],"iteration":618,"passed_time":2.940676926,"remaining_time":1.810012777},
{"learn":[0.7829659433],"iteration":619,"passed_time":2.947866406,"remaining_time":1.806756829},
{"learn":[0.7822070683],"iteration":620,"passed_time":2.954123357,"remaining_time":1.802919086},
{"learn":[0.7810756669],"iteration":621,"passed_time":2.96336784,"remaining_time":1.800889138},
{"learn":[0.7799306484],"iteration":622,"passed_time":2.967979914,"remaining_time":1.796032789},
{"learn":[0.7788428974],"iteration":623,"passed_time":2.972606721,"remaining_time":1.791186101},
{"learn":[0.7776477155],"iteration":624,"passed_time":2.978285415,"remaining_time":1.786971249},
{"learn":[0.7766797209],"iteration":625,"passed_time":2.982556776,"remaining_time":1.781910917},
{"learn":[0.7756998327],"iteration":626,"passed_time":2.986702397,"remaining_time":1.7767783},
{"learn":[0.774672569],"iteration":627,"passed_time":2.991360127,"remaining_time":1.771952177},
{"learn":[0.7738027177],"iteration":628,"passed_time":2.995892193,"remaining_time":1.76705247},
{"learn":[0.7724484698],"iteration":629,"passed_time":2.999956665,"remaining_time":1.761879311},
{"learn":[0.7713985425],"iteration":630,"passed_time":3.004169126,"remaining_time":1.756796208},
{"learn":[0.7698802124],"iteration":631,"passed_time":3.009362872,"remaining_time":1.752287242},
{"learn":[0.7689557578],"iteration":632,"passed_time":3.015130916,"remaining_time":1.748109078},
{"learn":[0.7681916022],"iteration":633,"passed_time":3.020488638,"remaining_time":1.743689025},
{"learn":[0.7671135364],"iteration":634,"passed_time":3.025942551,"remaining_time":1.739321309},
{"learn":[0.766032657],"iteration":635,"passed_time":3.03014684,"remaining_time":1.734234984},
{"learn":[0.7649937253],"iteration":636,"passed_time":3.034348119,"remaining_time":1.729149713},
{"learn":[0.764354167],"iteration":637,"passed_time":3.039291268,"remaining_time":1.724488149},
{"learn":[0.7634696689],"iteration":638,"passed_time":3.043516772,"remaining_time":1.719420273},
{"learn":[0.7626144526],"iteration":639,"passed_time":3.047479576,"remaining_time":1.714207261},
{"learn":[0.7614415052],"iteration":640,"passed_time":3.051996486,"remaining_time":1.709308484},
{"learn":[0.7605912553],"iteration":641,"passed_time":3.056528462,"remaining_time":1.704419298},
{"learn":[0.7596992209],"iteration":642,"passed_time":3.060687522,"remaining_time":1.699324176},
{"learn":[0.7587185415],"iteration":643,"passed_time":3.064923509,"remaining_time":1.694274487},
{"learn":[0.75789231],"iteration":644,"passed_time":3.069145814,"remaining_time":1.689219789},
{"learn":[0.7570887626],"iteration":645,"passed_time":3.074558792,"remaining_time":1.684820143},
{"learn":[0.7560483029],"iteration":646,"passed_time":3.079405023,"remaining_time":1.68010815},
{"learn":[0.755074096],"iteration":647,"passed_time":3.084958193,"remaining_time":1.675779759},
{"learn":[0.7544207694],"iteration":648,"passed_time":3.089266878,"remaining_time":1.670774537},
{"learn":[0.7536221569],"iteration":649,"passed_time":3.093244962,"remaining_time":1.665593441},
{"learn":[0.7528214325],"iteration":650,"passed_time":3.097777966,"remaining_time":1.660713533},
{"learn":[0.7516256017],"iteration":651,"passed_time":3.102238609,"remaining_time":1.655796067},
{"learn":[0.7506874475],"iteration":652,"passed_time":3.106599874,"remaining_time":1.650827192},
{"learn":[0.7496653579],"iteration":653,"passed_time":3.111088191,"remaining_time":1.645927391},
{"learn":[0.7487492763],"iteration":654,"passed_time":3.115369276,"remaining_time":1.640919695},
{"learn":[0.7475969326],"iteration":655,"passed_time":3.119942091,"remaining_time":1.636067194},
{"learn":[0.7468521795],"iteration":656,"passed_time":3.123938315,"remaining_time":1.630914523},
{"learn":[0.7459268486],"iteration":657,"passed_time":3.1298691,"remaining_time":1.626770869},
{"learn":[0.7450032168],"iteration":658,"passed_time":3.134644043,"remaining_time":1.622023701},
{"learn":[0.7440911215],"iteration":659,"passed_time":3.140265311,"remaining_time":1.617712433},
{"learn":[0.7429884357],"iteration":660,"passed_time":3.146256063,"remaining_time":1.613586695},
{"learn":[0.7424297666],"iteration":661,"passed_time":3.15187474,"remaining_time":1.609265351},
{"learn":[0.7414576203],"iteration":662,"passed_time":3.156356191,"remaining_time":1.604362046},
{"learn":[0.7407860352],"iteration":663,"passed_time":3.162124832,"remaining_time":1.600111361},
{"learn":[0.739820984],"iteration":664,"passed_time":3.167121455,"remaining_time":1.595467199},
{"learn":[0.7391147629],"iteration":665,"passed_time":3.171299489,"remaining_time":1.590411456},
{"learn":[0.7382146283],"iteration":666,"passed_time":3.175599279,"remaining_time":1.58541913},
{"learn":[0.7373275375],"iteration":667,"passed_time":3.179866289,"remaining_time":1.580412587},
{"learn":[0.7362792393],"iteration":668,"passed_time":3.184789846,"remaining_time":1.575733093},
{"learn":[0.7355315636],"iteration":669,"passed_time":3.189158252,"remaining_time":1.570779438},
{"learn":[0.7344557654],"iteration":670,"passed_time":3.193519275,"remaining_time":1.565823907},
{"learn":[0.7330595555],"iteration":671,"passed_time":3.198045134,"remaining_time":1.560950601},
{"learn":[0.7319983651],"iteration":672,"passed_time":3.203815687,"remaining_time":1.556683105},
{"learn":[0.731428914],"iteration":673,"passed_time":3.209930793,"remaining_time":1.552577802},
{"learn":[0.7303184338],"iteration":674,"passed_time":3.215708815,"remaining_time":1.548304244},
{"learn":[0.7293167022],"iteration":675,"passed_time":3.220206743,"remaining_time":1.543412699},
{"learn":[0.7288400856],"iteration":676,"passed_time":3.224372848,"remaining_time":1.538364003},
{"learn":[0.7280441068],"iteration":677,"passed_time":3.22856041,"remaining_time":1.5333281},
{"learn":[0.7271637249],"iteration":678,"passed_time":3.233035374,"remaining_time":1.528430567},
{"learn":[0.7261631683],"iteration":679,"passed_time":3.237403209,"remaining_time":1.523483863},
{"learn":[0.7251549741],"iteration":680,"passed_time":3.241739882,"remaining_time":1.518524262},
{"learn":[0.7242887002],"iteration":681,"passed_time":3.24683733,"remaining_time":1.513921218},
{"learn":[0.7235841331],"iteration":682,"passed_time":3.251201193,"remaining_time":1.508976249},
{"learn":[0.7222946788],"iteration":683,"passed_time":3.255352615,"remaining_time":1.503934834},
{"learn":[0.7218846955],"iteration":684,"passed_time":3.260133761,"remaining_time":1.499185598},
{"learn":[0.7208949094],"iteration":685,"passed_time":3.266523216,"remaining_time":1.495172434},
{"learn":[0.7199744709],"iteration":686,"passed_time":3.271873698,"remaining_time":1.490678992},
{"learn":[0.7193006668],"iteration":687,"passed_time":3.277450391,"remaining_time":1.486285643},
{"learn":[0.7183690026],"iteration":688,"passed_time":3.281606166,"remaining_time":1.481247486},
{"learn":[0.7172953729],"iteration":689,"passed_time":3.285916061,"remaining_time":1.476281129},
{"learn":[0.7162514096],"iteration":690,"passed_time":3.290713095,"remaining_time":1.47153451},
{"learn":[0.7155711504],"iteration":691,"passed_time":3.294725237,"remaining_time":1.4664384},
{"learn":[0.7147196976],"iteration":692,"passed_time":3.298736165,"remaining_time":1.461344881},
{"learn":[0.7141741725],"iteration":693,"passed_time":3.303547751,"remaining_time":1.45660751},
{"learn":[0.7133917239],"iteration":694,"passed_time":3.308685391,"remaining_time":1.452013013},
{"learn":[0.7129206008],"iteration":695,"passed_time":3.313003667,"remaining_time":1.447059073},
{"learn":[0.7117617096],"iteration":696,"passed_time":3.317309041,"remaining_time":1.442101348},
{"learn":[0.7112811875],"iteration":697,"passed_time":3.321694693,"remaining_time":1.437180225},
{"learn":[0.7101868164],"iteration":698,"passed_time":3.327287377,"remaining_time":1.432780401},
{"learn":[0.7092166192],"iteration":699,"passed_time":3.333472984,"remaining_time":1.428631279},
{"learn":[0.7083969305],"iteration":700,"passed_time":3.340240871,"remaining_time":1.424724708},
{"learn":[0.7078989662],"iteration":701,"passed_time":3.344179478,"remaining_time":1.419608952},
{"learn":[0.706976643],"iteration":702,"passed_time":3.348587554,"remaining_time":1.414694884},
{"learn":[0.7059452267],"iteration":703,"passed_time":3.352943946,"remaining_time":1.409760523},
{"learn":[0.7049359068],"iteration":704,"passed_time":3.357659586,"remaining_time":1.404978125},
{"learn":[0.7041753144],"iteration":705,"passed_time":3.361928281,"remaining_time":1.400009794},
{"learn":[0.703220007],"iteration":706,"passed_time":3.366416353,"remaining_time":1.395134359},
{"learn":[0.7018731153],"iteration":707,"passed_time":3.371100196,"remaining_time":1.390340759},
{"learn":[0.7008071174],"iteration":708,"passed_time":3.375326726,"remaining_time":1.385359771},
{"learn":[0.7000308575],"iteration":709,"passed_time":3.380575619,"remaining_time":1.380798492},
{"learn":[0.6991783143],"iteration":710,"passed_time":3.384688825,"remaining_time":1.375773658},
{"learn":[0.6985533665],"iteration":711,"passed_time":3.38996554,"remaining_time":1.371222016},
{"learn":[0.6978065911],"iteration":712,"passed_time":3.395494971,"remaining_time":1.366770066},
{"learn":[0.696959779],"iteration":713,"passed_time":3.401086387,"remaining_time":1.362339925},
{"learn":[0.6962581912],"iteration":714,"passed_time":3.406095749,"remaining_time":1.357674529},
{"learn":[0.6956445342],"iteration":715,"passed_time":3.410831063,"remaining_time":1.352899472},
{"learn":[0.6945665146],"iteration":716,"passed_time":3.415350568,"remaining_time":1.348039346},
{"learn":[0.6935962867],"iteration":717,"passed_time":3.420128534,"remaining_time":1.34328168},
{"learn":[0.6929936578],"iteration":718,"passed_time":3.424399286,"remaining_time":1.338325729},
{"learn":[0.6919851085],"iteration":719,"passed_time":3.428771882,"remaining_time":1.333411287},
{"learn":[0.6912837016],"iteration":720,"passed_time":3.433014086,"remaining_time":1.328447892},
{"learn":[0.6901057617],"iteration":721,"passed_time":3.439154599,"remaining_time":1.324217422},
{"learn":[0.6894291951],"iteration":722,"passed_time":3.444972837,"remaining_time":1.319858196},
{"learn":[0.6883563529],"iteration":723,"passed_time":3.450453434,"remaining_time":1.315366226},
{"learn":[0.6874367445],"iteration":724,"passed_time":3.45471197,"remaining_time":1.310407988},
{"learn":[0.6868227991],"iteration":725,"passed_time":3.459054403,"remaining_time":1.305483342},
{"learn":[0.6856303332],"iteration":726,"passed_time":3.463437414,"remaining_time":1.300575535},
{"learn":[0.6846892628],"iteration":727,"passed_time":3.467895473,"remaining_time":1.29569721},
{"learn":[0.6838935934],"iteration":728,"passed_time":3.47227402,"remaining_time":1.290790479},
{"learn":[0.682762255],"iteration":729,"passed_time":3.476635191,"remaining_time":1.285878769},
{"learn":[0.6820973186],"iteration":730,"passed_time":3.480742362,"remaining_time":1.280875096},
{"learn":[0.681035935],"iteration":731,"passed_time":3.486097837,"remaining_time":1.276330902},
{"learn":[0.6800339241],"iteration":732,"passed_time":3.493674138,"remaining_time":1.272593444},
{"learn":[0.6790825412],"iteration":733,"passed_time":3.50190551,"remaining_time":1.269082923},
{"learn":[0.6781114034],"iteration":734,"passed_time":3.506840529,"remaining_time":1.264371075},
{"learn":[0.6771468214],"iteration":735,"passed_time":3.511715631,"remaining_time":1.259637128},
{"learn":[0.676466259],"iteration":736,"passed_time":3.518986592,"remaining_time":1.255757766},
{"learn":[0.675824974],"iteration":737,"passed_time":3.526361912,"remaining_time":1.251906262},
{"learn":[0.675246587],"iteration":738,"passed_time":3.533821085,"remaining_time":1.248074835},
{"learn":[0.6746912036],"iteration":739,"passed_time":3.538718419,"remaining_time":1.243333499},
{"learn":[0.6737878216],"iteration":740,"passed_time":3.54327135,"remaining_time":1.238471363},
{"learn":[0.673041648],"iteration":741,"passed_time":3.549610713,"remaining_time":1.234231218},
{"learn":[0.6719566459],"iteration":742,"passed_time":3.554600274,"remaining_time":1.229518533},
{"learn":[0.6715293465],"iteration":743,"passed_time":3.561565337,"remaining_time":1.225484847},
{"learn":[0.6708691954],"iteration":744,"passed_time":3.566739922,"remaining_time":1.220830443},
{"learn":[0.6699748565],"iteration":745,"passed_time":3.571732253,"remaining_time":1.21611259},
{"learn":[0.6688834953],"iteration":746,"passed_time":3.580231146,"remaining_time":1.212581633},
{"learn":[0.6677391495],"iteration":747,"passed_time":3.587451428,"remaining_time":1.208606631},
{"learn":[0.6666594157],"iteration":748,"passed_time":3.5960819,"remaining_time":1.205095537},
{"learn":[0.6660212118],"iteration":749,"passed_time":3.600721546,"remaining_time":1.200240515},
{"learn":[0.6650537758],"iteration":750,"passed_time":3.60570423,"remaining_time":1.195499805},
{"learn":[0.6642109998],"iteration":751,"passed_time":3.611524231,"remaining_time":1.191034587},
{"learn":[0.663824777],"iteration":752,"passed_time":3.616045903,"remaining_time":1.186139891},
{"learn":[0.6627911362],"iteration":753,"passed_time":3.621452123,"remaining_time":1.181534778},
{"learn":[0.6622118269],"iteration":754,"passed_time":3.626970537,"remaining_time":1.176963949},
{"learn":[0.660997453],"iteration":755,"passed_time":3.631730959,"remaining_time":1.172145971},
{"learn":[0.6603152165],"iteration":756,"passed_time":3.63723486,"remaining_time":1.167566804},
{"learn":[0.6595866637],"iteration":757,"passed_time":3.643211434,"remaining_time":1.163136104},
{"learn":[0.6589379366],"iteration":758,"passed_time":3.656217253,"remaining_time":1.160933278},
{"learn":[0.657760079],"iteration":759,"passed_time":3.661633059,"remaining_time":1.156305177},
{"learn":[0.6566448178],"iteration":760,"passed_time":3.666699128,"remaining_time":1.151565166},
{"learn":[0.6556068608],"iteration":761,"passed_time":3.672077604,"remaining_time":1.146921876},
{"learn":[0.6543164301],"iteration":762,"passed_time":3.676925183,"remaining_time":1.142111754},
{"learn":[0.6536033715],"iteration":763,"passed_time":3.683563207,"remaining_time":1.137854603},
{"learn":[0.6530940532],"iteration":764,"passed_time":3.689334226,"remaining_time":1.133324893},
{"learn":[0.6527276887],"iteration":765,"passed_time":3.693622178,"remaining_time":1.12833889},
{"learn":[0.6518413125],"iteration":766,"passed_time":3.698488398,"remaining_time":1.123530374},
{"learn":[0.6508077023],"iteration":767,"passed_time":3.704480338,"remaining_time":1.119061769},
{"learn":[0.6500593974],"iteration":768,"passed_time":3.712097007,"remaining_time":1.115077254},
{"learn":[0.649072799],"iteration":769,"passed_time":3.720721689,"remaining_time":1.111384401},
{"learn":[0.6481635716],"iteration":770,"passed_time":3.725754939,"remaining_time":1.106612038},
{"learn":[0.6475645129],"iteration":771,"passed_time":3.730894351,"remaining_time":1.101870352},
{"learn":[0.6466258366],"iteration":772,"passed_time":3.736334617,"remaining_time":1.097215987},
{"learn":[0.6462592228],"iteration":773,"passed_time":3.741170273,"remaining_time":1.092383051},
{"learn":[0.6457453722],"iteration":774,"passed_time":3.746298275,"remaining_time":1.087634983},
{"learn":[0.6452156263],"iteration":775,"passed_time":3.750805663,"remaining_time":1.082706789},
{"learn":[0.6443644795],"iteration":776,"passed_time":3.756192118,"remaining_time":1.078031972},
{"learn":[0.6438638016],"iteration":777,"passed_time":3.761206079,"remaining_time":1.073249035},
{"learn":[0.6429304885],"iteration":778,"passed_time":3.766122199,"remaining_time":1.068437748},
{"learn":[0.6417351035],"iteration":779,"passed_time":3.774296013,"remaining_time":1.064545029},
{"learn":[0.6414695101],"iteration":780,"passed_time":3.781210086,"remaining_time":1.060288104},
{"learn":[0.6407442471],"iteration":781,"passed_time":3.788016901,"remaining_time":1.055994481},
{"learn":[0.6401919451],"iteration":782,"passed_time":3.792652243,"remaining_time":1.051092639},
{"learn":[0.6394643152],"iteration":783,"passed_time":3.797184347,"remaining_time":1.046163034},
{"learn":[0.6386898576],"iteration":784,"passed_time":3.802576058,"remaining_time":1.041469876},
{"learn":[0.6379605138],"iteration":785,"passed_time":3.807631944,"remaining_time":1.036683506},
{"learn":[0.6373907789],"iteration":786,"passed_time":3.812108991,"remaining_time":1.03173979},
{"learn":[0.6363148463],"iteration":787,"passed_time":3.818601749,"remaining_time":1.027339557},
{"learn":[0.6358994253],"iteration":788,"passed_time":3.823484071,"remaining_time":1.022503345},
{"learn":[0.6349002993],"iteration":789,"passed_time":3.828245735,"remaining_time":1.017634942},
{"learn":[0.6337808407],"iteration":790,"passed_time":3.837112929,"remaining_time":1.013851583},
{"learn":[0.6328816292],"iteration":791,"passed_time":3.84370532,"remaining_time":1.009457963},
{"learn":[0.6321207283],"iteration":792,"passed_time":3.850442966,"remaining_time":1.005096714},
{"learn":[0.6313687781],"iteration":793,"passed_time":3.855124016,"remaining_time":1.000195903},
{"learn":[0.6305081562],"iteration":794,"passed_time":3.860488397,"remaining_time":0.9954718507},
{"learn":[0.6296585549],"iteration":795,"passed_time":3.866143987,"remaining_time":0.9908208208},
{"learn":[0.6286839958],"iteration":796,"passed_time":3.871019668,"remaining_time":0.9859686232},
{"learn":[0.6279808102],"iteration":797,"passed_time":3.877813432,"remaining_time":0.9816018962},
{"learn":[0.6273624851],"iteration":798,"passed_time":3.884287469,"remaining_time":0.9771486624},
{"learn":[0.626160541],"iteration":799,"passed_time":3.891781704,"remaining_time":0.972945426},
{"learn":[0.6253131333],"iteration":800,"passed_time":3.897838128,"remaining_time":0.9683767634},
{"learn":[0.6247752114],"iteration":801,"passed_time":3.903037994,"remaining_time":0.9635929212},
{"learn":[0.6236986338],"iteration":802,"passed_time":3.909497243,"remaining_time":0.9591170074},
{"learn":[0.6231372828],"iteration":803,"passed_time":3.914069421,"remaining_time":0.9541761276},
{"learn":[0.6226363703],"iteration":804,"passed_time":3.919488246,"remaining_time":0.9494412522},
{"learn":[0.6218367894],"iteration":805,"passed_time":3.925243847,"remaining_time":0.9447857399},
{"learn":[0.6212277578],"iteration":806,"passed_time":3.929904995,"remaining_time":0.9398657547},
{"learn":[0.6201362984],"iteration":807,"passed_time":3.936351443,"remaining_time":0.9353706398},
{"learn":[0.6191621083],"iteration":808,"passed_time":3.945773236,"remaining_time":0.9315731619},
{"learn":[0.618566002],"iteration":809,"passed_time":3.957932327,"remaining_time":0.9284038791},
{"learn":[0.6176829926],"iteration":810,"passed_time":3.963248287,"remaining_time":0.9236176648},
{"learn":[0.6171975411],"iteration":811,"passed_time":3.968104539,"remaining_time":0.9187237109},
{"learn":[0.6163763877],"iteration":812,"passed_time":3.973403727,"remaining_time":0.9139317306},
{"learn":[0.6155614694],"iteration":813,"passed_time":3.978289643,"remaining_time":0.9090440707},
{"learn":[0.614908707],"iteration":814,"passed_time":3.983307394,"remaining_time":0.904186341},
{"learn":[0.6142498944],"iteration":815,"passed_time":3.988714869,"remaining_time":0.8994160979},
{"learn":[0.6133370837],"iteration":816,"passed_time":3.99409675,"remaining_time":0.8946385621},
{"learn":[0.612730992],"iteration":817,"passed_time":3.999097922,"remaining_time":0.8897748433},
{"learn":[0.6120435183],"iteration":818,"passed_time":4.004187663,"remaining_time":0.8849303627},
{"learn":[0.611302017],"iteration":819,"passed_time":4.009606931,"remaining_time":0.8801576191},
{"learn":[0.610524572],"iteration":820,"passed_time":4.014524193,"remaining_time":0.8752738496},
{"learn":[0.6097745366],"iteration":821,"passed_time":4.019263573,"remaining_time":0.8703514794},
{"learn":[0.6088081912],"iteration":822,"passed_time":4.026707512,"remaining_time":0.8660112147},
{"learn":[0.6078449104],"iteration":823,"passed_time":4.034751032,"remaining_time":0.8617914825},
{"learn":[0.6069231866],"iteration":824,"passed_time":4.040571325,"remaining_time":0.8570908871},
{"learn":[0.606402138],"iteration":825,"passed_time":4.045633958,"remaining_time":0.8522279767},
{"learn":[0.6057201388],"iteration":826,"passed_time":4.050245814,"remaining_time":0.8472702851},
{"learn":[0.6049832282],"iteration":827,"passed_time":4.05663056,"remaining_time":0.8426817106},
{"learn":[0.6042420477],"iteration":828,"passed_time":4.061598678,"remaining_time":0.837796591},
{"learn":[0.6034091652],"iteration":829,"passed_time":4.066250477,"remaining_time":0.8328464833},
{"learn":[0.6028130694],"iteration":830,"passed_time":4.071277318,"remaining_time":0.8279733655},
{"learn":[0.6021146632],"iteration":831,"passed_time":4.076014479,"remaining_time":0.8230413853},
{"learn":[0.6013300839],"iteration":832,"passed_time":4.080466772,"remaining_time":0.8180527623},
{"learn":[0.6004328574],"iteration":833,"passed_time":4.087798378,"remaining_time":0.8136385261},
{"learn":[0.5995566041],"iteration":834,"passed_time":4.094352708,"remaining_time":0.8090637088},
{"learn":[0.5987491808],"iteration":835,"passed_time":4.101471178,"remaining_time":0.8045948243},
{"learn":[0.5981091942],"iteration":836,"passed_time":4.105960568,"remaining_time":0.7996076136},
{"learn":[0.597796772],"iteration":837,"passed_time":4.110970367,"remaining_time":0.7947221951},
{"learn":[0.5970394418],"iteration":838,"passed_time":4.116785067,"remaining_time":0.7899909365},
{"learn":[0.5962793766],"iteration":839,"passed_time":4.121315521,"remaining_time":0.7850124802},
{"learn":[0.5952580498],"iteration":840,"passed_time":4.126299334,"remaining_time":0.7801208015},
{"learn":[0.5945423405],"iteration":841,"passed_time":4.132893687,"remaining_time":0.7755311194},
{"learn":[0.5941085468],"iteration":842,"passed_time":4.138933637,"remaining_time":0.7708334293},
{"learn":[0.5932184917],"iteration":843,"passed_time":4.146788972,"remaining_time":0.7664681038},
{"learn":[0.5921182795],"iteration":844,"passed_time":4.151555865,"remaining_time":0.761527999},
{"learn":[0.5916335933],"iteration":845,"passed_time":4.156451502,"remaining_time":0.7566117391},
{"learn":[0.5909066647],"iteration":846,"passed_time":4.161850172,"remaining_time":0.7517863948},
{"learn":[0.5901872354],"iteration":847,"passed_time":4.166729652,"remaining_time":0.7468666358},
{"learn":[0.58940908],"iteration":848,"passed_time":4.172220011,"remaining_time":0.7420556204},
{"learn":[0.5885673403],"iteration":849,"passed_time":4.177900029,"remaining_time":0.7372764757},
{"learn":[0.5881175931],"iteration":850,"passed_time":4.182489456,"remaining_time":0.7323042643},
{"learn":[0.5873917957],"iteration":851,"passed_time":4.187363687,"remaining_time":0.7273824244},
{"learn":[0.5866276855],"iteration":852,"passed_time":4.193055203,"remaining_time":0.7226015415},
{"learn":[0.5857804897],"iteration":853,"passed_time":4.197843435,"remaining_time":0.7176641001},
{"learn":[0.5848220372],"iteration":854,"passed_time":4.203199581,"remaining_time":0.7128233208},
{"learn":[0.584172786],"iteration":855,"passed_time":4.208751758,"remaining_time":0.7080143145},
{"learn":[0.583402921],"iteration":856,"passed_time":4.216556387,"remaining_time":0.7035794205},
{"learn":[0.5827624238],"iteration":857,"passed_time":4.223662441,"remaining_time":0.6990210566},
{"learn":[0.5817767162],"iteration":858,"passed_time":4.229102341,"remaining_time":0.6941832713},
{"learn":[0.5812436803],"iteration":859,"passed_time":4.234038006,"remaining_time":0.689262001},
{"learn":[0.5808408275],"iteration":860,"passed_time":4.238861976,"remaining_time":0.6843226651},
{"learn":[0.5803389154],"iteration":861,"passed_time":4.243693095,"remaining_time":0.6793847415},
{"learn":[0.579900155],"iteration":862,"passed_time":4.2487395,"remaining_time":0.6744812417},
{"learn":[0.5794272861],"iteration":863,"passed_time":4.253485004,"remaining_time":0.6695300469},
{"learn":[0.5789064132],"iteration":864,"passed_time":4.259418322,"remaining_time":0.6647647092},
{"learn":[0.5781756594],"iteration":865,"passed_time":4.264807287,"remaining_time":0.659912444},
{"learn":[0.5776506895],"iteration":866,"passed_time":4.269539537,"remaining_time":0.6549581989},
{"learn":[0.5770799494],"iteration":867,"passed_time":4.277917816,"remaining_time":0.6505589305},
{"learn":[0.576468359],"iteration":868,"passed_time":4.284976426,"remaining_time":0.6459515671},
{"learn":[0.5757242991],"iteration":869,"passed_time":4.290930717,"remaining_time":0.6411735555},
{"learn":[0.5751886764],"iteration":870,"passed_time":4.296176908,"remaining_time":0.6362879692},
{"learn":[0.5742468359],"iteration":871,"passed_time":4.301343599,"remaining_time":0.6313898861},
{"learn":[0.5737787228],"iteration":872,"passed_time":4.306317081,"remaining_time":0.6264630805},
{"learn":[0.5731393123],"iteration":873,"passed_time":4.311403908,"remaining_time":0.6215525085},
{"learn":[0.5724690474],"iteration":874,"passed_time":4.316032793,"remaining_time":0.6165761133},
{"learn":[0.5717302161],"iteration":875,"passed_time":4.324942019,"remaining_time":0.6122064045},
{"learn":[0.5711562399],"iteration":876,"passed_time":4.331232272,"remaining_time":0.6074590302},
{"learn":[0.5705262906],"iteration":877,"passed_time":4.338118793,"remaining_time":0.602790994},
{"learn":[0.5697792677],"iteration":878,"passed_time":4.342964191,"remaining_time":0.5978369364},
{"learn":[0.5691976541],"iteration":879,"passed_time":4.347570121,"remaining_time":0.592850471},
{"learn":[0.568525791],"iteration":880,"passed_time":4.35420686,"remaining_time":0.5881391785},
{"learn":[0.5680120389],"iteration":881,"passed_time":4.359132144,"remaining_time":0.5831945498},
{"learn":[0.5675183845],"iteration":882,"passed_time":4.36362258,"remaining_time":0.5781923464},
{"learn":[0.5669189952],"iteration":883,"passed_time":4.36880647,"remaining_time":0.573282297},
{"learn":[0.5664927686],"iteration":884,"passed_time":4.373381606,"remaining_time":0.568292525},
{"learn":[0.5655432738],"iteration":885,"passed_time":4.378540563,"remaining_time":0.5633788083},
{"learn":[0.5650577315],"iteration":886,"passed_time":4.385515021,"remaining_time":0.5586958257},
{"learn":[0.564536677],"iteration":887,"passed_time":4.39215862,"remaining_time":0.5539659521},
{"learn":[0.5637335481],"iteration":888,"passed_time":4.399436294,"remaining_time":0.5493109433},
{"learn":[0.5627004967],"iteration":889,"passed_time":4.40410614,"remaining_time":0.5443277251},
{"learn":[0.5619889527],"iteration":890,"passed_time":4.409049873,"remaining_time":0.5393787162},
{"learn":[0.5614767024],"iteration":891,"passed_time":4.414678607,"remaining_time":0.5345126564},
{"learn":[0.5607624686],"iteration":892,"passed_time":4.419317379,"remaining_time":0.5295262705},
{"learn":[0.5600394183],"iteration":893,"passed_time":4.423870033,"remaining_time":0.5245304514},
{"learn":[0.5592784221],"iteration":894,"passed_time":4.429318618,"remaining_time":0.5196407317},
{"learn":[0.5585285586],"iteration":895,"passed_time":4.433964734,"remaining_time":0.5146566209},
{"learn":[0.5575541499],"iteration":896,"passed_time":4.438920842,"remaining_time":0.5097088592},
{"learn":[0.557140382],"iteration":897,"passed_time":4.445066501,"remaining_time":0.504896195},
{"learn":[0.5563002347],"iteration":898,"passed_time":4.449719901,"remaining_time":0.4999129144},
{"learn":[0.5557402726],"iteration":899,"passed_time":4.454866303,"remaining_time":0.4949851448},
{"learn":[0.5549012265],"iteration":900,"passed_time":4.460846082,"remaining_time":0.4901484596},
{"learn":[0.5545553062],"iteration":901,"passed_time":4.467788115,"remaining_time":0.4854137863},
{"learn":[0.5539966945],"iteration":902,"passed_time":4.474920271,"remaining_time":0.480694647},
{"learn":[0.5532953588],"iteration":903,"passed_time":4.480173922,"remaining_time":0.475770682},
{"learn":[0.5527256939],"iteration":904,"passed_time":4.485120161,"remaining_time":0.4708137185},
{"learn":[0.5521478532],"iteration":905,"passed_time":4.4903577,"remaining_time":0.465887002},
{"learn":[0.551390374],"iteration":906,"passed_time":4.495337245,"remaining_time":0.4609331464},
{"learn":[0.5507416194],"iteration":907,"passed_time":4.500289936,"remaining_time":0.4559765133},
{"learn":[0.5500387287],"iteration":908,"passed_time":4.505092459,"remaining_time":0.4510048557},
{"learn":[0.5492848211],"iteration":909,"passed_time":4.51044888,"remaining_time":0.4460883507},
{"learn":[0.548877204],"iteration":910,"passed_time":4.515094203,"remaining_time":0.4411014096},
{"learn":[0.5484356738],"iteration":911,"passed_time":4.519952034,"remaining_time":0.4361357225},
{"learn":[0.5477434863],"iteration":912,"passed_time":4.525547169,"remaining_time":0.4312405298},
{"learn":[0.5471936866],"iteration":913,"passed_time":4.532840377,"remaining_time":0.4265035804},
{"learn":[0.5467260116],"iteration":914,"passed_time":4.54046931,"remaining_time":0.421792231},
{"learn":[0.5458665517],"iteration":915,"passed_time":4.54541787,"remaining_time":0.416828713},
{"learn":[0.5452485742],"iteration":916,"passed_time":4.550382939,"remaining_time":0.4118667219},
{"learn":[0.5447927374],"iteration":917,"passed_time":4.55518596,"remaining_time":0.4068902492},
{"learn":[0.5439609673],"iteration":918,"passed_time":4.559701498,"remaining_time":0.4018888154},
{"learn":[0.5434572644],"iteration":919,"passed_time":4.564796153,"remaining_time":0.3969387959},
{"learn":[0.5428542736],"iteration":920,"passed_time":4.569779656,"remaining_time":0.3919789282},
{"learn":[0.5419121204],"iteration":921,"passed_time":4.577200791,"remaining_time":0.3872252296},
{"learn":[0.5413864647],"iteration":922,"passed_time":4.584478322,"remaining_time":0.3824537712},
{"learn":[0.5406809789],"iteration":923,"passed_time":4.59100694,"remaining_time":0.3776152894},
{"learn":[0.5402381339],"iteration":924,"passed_time":4.595813304,"remaining_time":0.3726335111},
{"learn":[0.5397137479],"iteration":925,"passed_time":4.600458678,"remaining_time":0.3676392464},
{"learn":[0.5391288806],"iteration":926,"passed_time":4.605736013,"remaining_time":0.3626955005},
{"learn":[0.5384003525],"iteration":927,"passed_time":4.610743945,"remaining_time":0.3577301336},
{"learn":[0.5379367119],"iteration":928,"passed_time":4.615224213,"remaining_time":0.3527243478},
{"learn":[0.5369072189],"iteration":929,"passed_time":4.620865769,"remaining_time":0.3478071009},
{"learn":[0.5361998444],"iteration":930,"passed_time":4.626340133,"remaining_time":0.3428759067},
{"learn":[0.5355136152],"iteration":931,"passed_time":4.631003986,"remaining_time":0.337884411},
{"learn":[0.5349238368],"iteration":932,"passed_time":4.638225142,"remaining_time":0.333077261},
{"learn":[0.5343409626],"iteration":933,"passed_time":4.645235538,"remaining_time":0.3282500487},
{"learn":[0.5338149438],"iteration":934,"passed_time":4.652222539,"remaining_time":0.3234165401},
{"learn":[0.5331684304],"iteration":935,"passed_time":4.657083472,"remaining_time":0.3184330579},
{"learn":[0.5325806933],"iteration":936,"passed_time":4.661773652,"remaining_time":0.3134383566},
{"learn":[0.5318890373],"iteration":937,"passed_time":4.66720637,"remaining_time":0.3084933848},
{"learn":[0.5314273658],"iteration":938,"passed_time":4.672244118,"remaining_time":0.3035217159},
{"learn":[0.5307433481],"iteration":939,"passed_time":4.677021936,"remaining_time":0.2985333151},
{"learn":[0.5301989143],"iteration":940,"passed_time":4.682435438,"remaining_time":0.2935852187},
{"learn":[0.5296694019],"iteration":941,"passed_time":4.68726606,"remaining_time":0.2886002458},
{"learn":[0.5290169169],"iteration":942,"passed_time":4.691958959,"remaining_time":0.2836072754},
{"learn":[0.5284691867],"iteration":943,"passed_time":4.697451493,"remaining_time":0.2786623767},
{"learn":[0.5277197432],"iteration":944,"passed_time":4.702716303,"remaining_time":0.2737030652},
{"learn":[0.5271784238],"iteration":945,"passed_time":4.707317949,"remaining_time":0.2687052529},
{"learn":[0.5267866191],"iteration":946,"passed_time":4.712010854,"remaining_time":0.2637133847},
{"learn":[0.5262812716],"iteration":947,"passed_time":4.719391954,"remaining_time":0.2588696009},
{"learn":[0.5257221243],"iteration":948,"passed_time":4.726118375,"remaining_time":0.2539852867},
{"learn":[0.5253025279],"iteration":949,"passed_time":4.73330618,"remaining_time":0.2491213779},
{"learn":[0.5243742869],"iteration":950,"passed_time":4.737979814,"remaining_time":0.2441230399},
{"learn":[0.5239118212],"iteration":951,"passed_time":4.74288631,"remaining_time":0.2391371249},
{"learn":[0.5234670726],"iteration":952,"passed_time":4.748427062,"remaining_time":0.2341826568},
{"learn":[0.5227703239],"iteration":953,"passed_time":4.752980983,"remaining_time":0.2291793765},
{"learn":[0.5220526888],"iteration":954,"passed_time":4.758045326,"remaining_time":0.2242010887},
{"learn":[0.521483942],"iteration":955,"passed_time":4.763562485,"remaining_time":0.2192434617},
{"learn":[0.5208092445],"iteration":956,"passed_time":4.76822757,"remaining_time":0.2142463798},
{"learn":[0.5202217427],"iteration":957,"passed_time":4.774174918,"remaining_time":0.2093062073},
{"learn":[0.5196643148],"iteration":958,"passed_time":4.780620327,"remaining_time":0.2043852278},
{"learn":[0.5190823262],"iteration":959,"passed_time":4.786967013,"remaining_time":0.1994569589},
{"learn":[0.5187815929],"iteration":960,"passed_time":4.79592405,"remaining_time":0.1946316732},
{"learn":[0.5182498448],"iteration":961,"passed_time":4.800327327,"remaining_time":0.1896179194},
{"learn":[0.5174743567],"iteration":962,"passed_time":4.805750187,"remaining_time":0.1846446074},
{"learn":[0.5167784839],"iteration":963,"passed_time":4.811000194,"remaining_time":0.1796639077},
{"learn":[0.516301363],"iteration":964,"passed_time":4.815755985,"remaining_time":0.1746647248},
{"learn":[0.5156804318],"iteration":965,"passed_time":4.821022972,"remaining_time":0.1696840384},
{"learn":[0.5150497816],"iteration":966,"passed_time":4.827666075,"remaining_time":0.1647497213},
{"learn":[0.5145656225],"iteration":967,"passed_time":4.834910546,"remaining_time":0.1598317536},
{"learn":[0.5142052267],"iteration":968,"passed_time":4.842997823,"remaining_time":0.1549359469},
{"learn":[0.5133760722],"iteration":969,"passed_time":4.84761049,"remaining_time":0.1499260976},
{"learn":[0.512940754],"iteration":970,"passed_time":4.852759452,"remaining_time":0.1449330835},
{"learn":[0.5123236705],"iteration":971,"passed_time":4.858418385,"remaining_time":0.1399544391},
{"learn":[0.5116378609],"iteration":972,"passed_time":4.863022776,"remaining_time":0.1349451335},
{"learn":[0.5113167035],"iteration":973,"passed_time":4.86838155,"remaining_time":0.129956797},
{"learn":[0.5108308864],"iteration":974,"passed_time":4.873801546,"remaining_time":0.1249692704},
{"learn":[0.5101277823],"iteration":975,"passed_time":4.878353435,"remaining_time":0.1199595107},
{"learn":[0.5095804164],"iteration":976,"passed_time":4.883867708,"remaining_time":0.1149733442},
{"learn":[0.5090323292],"iteration":977,"passed_time":4.888587207,"remaining_time":0.1099682194},
{"learn":[0.50823798],"iteration":978,"passed_time":4.893657102,"remaining_time":0.1049711942},
{"learn":[0.5075483758],"iteration":979,"passed_time":4.899194498,"remaining_time":0.09998356118},
{"learn":[0.5069094036],"iteration":980,"passed_time":4.904007296,"remaining_time":0.09498077332},
{"learn":[0.5061584115],"iteration":981,"passed_time":4.911853879,"remaining_time":0.09003398149},
{"learn":[0.5053470272],"iteration":982,"passed_time":4.924411139,"remaining_time":0.08516275621},
{"learn":[0.5047665324],"iteration":983,"passed_time":4.930503629,"remaining_time":0.08017079072},
{"learn":[0.504028795],"iteration":984,"passed_time":4.936740314,"remaining_time":0.0751787865},
{"learn":[0.5035806876],"iteration":985,"passed_time":4.942522938,"remaining_time":0.07017781048},
{"learn":[0.5031462336],"iteration":986,"passed_time":4.947683453,"remaining_time":0.06516705663},
{"learn":[0.5024471996],"iteration":987,"passed_time":4.952348221,"remaining_time":0.0601499784},
{"learn":[0.5018152639],"iteration":988,"passed_time":4.957782361,"remaining_time":0.05514216984},
{"learn":[0.5011819036],"iteration":989,"passed_time":4.963085065,"remaining_time":0.05013217237},
{"learn":[0.5006054932],"iteration":990,"passed_time":4.967700217,"remaining_time":0.04511534002},
{"learn":[0.500231989],"iteration":991,"passed_time":4.974893993,"remaining_time":0.04012011285},
{"learn":[0.4999292717],"iteration":992,"passed_time":4.98163736,"remaining_time":0.0351172825},
{"learn":[0.499099128],"iteration":993,"passed_time":4.989778268,"remaining_time":0.03011938593},
{"learn":[0.4983770455],"iteration":994,"passed_time":4.996000816,"remaining_time":0.02510553174},
{"learn":[0.4976868606],"iteration":995,"passed_time":5.000846148,"remaining_time":0.02008371947},
{"learn":[0.4968843887],"iteration":996,"passed_time":5.007251948,"remaining_time":0.01506695671},
{"learn":[0.4963150351],"iteration":997,"passed_time":5.012599378,"remaining_time":0.01004528933},
{"learn":[0.4958918893],"iteration":998,"passed_time":5.018179787,"remaining_time":0.00502320299},
{"learn":[0.4955397937],"iteration":999,"passed_time":5.025681846,"remaining_time":0}
]}